SET SESSION cte_max_recursion_depth = 10000;
SET FOREIGN_KEY_CHECKS = 0;
TRUNCATE TABLE review_ratings; TRUNCATE TABLE reviews; TRUNCATE TABLE products; TRUNCATE TABLE category_criteria; TRUNCATE TABLE categories; TRUNCATE TABLE criteria;
SET FOREIGN_KEY_CHECKS = 1;

-- CATEGORIES
INSERT INTO categories (id, name) VALUES (1, 'Ноутбуки'), (2, 'Смартфоны'), (3, 'Наушники'), (4, 'Умные часы');

-- CRITERIA
INSERT INTO criteria (id, name, weight) VALUES (1, 'Дизайн и материалы', 0.1);
INSERT INTO criteria (id, name, weight) VALUES (2, 'Цена/качество', 0.1);
INSERT INTO criteria (id, name, weight) VALUES (3, 'Удобство использования', 0.1);
INSERT INTO criteria (id, name, weight) VALUES (4, 'Производительность', 0.2);
INSERT INTO criteria (id, name, weight) VALUES (5, 'Автономность', 0.2);
INSERT INTO criteria (id, name, weight) VALUES (6, 'Качество экрана', 0.1);
INSERT INTO criteria (id, name, weight) VALUES (7, 'Клавиатура и тачпад', 0.1);
INSERT INTO criteria (id, name, weight) VALUES (8, 'Охлаждение и шум', 0.1);
INSERT INTO criteria (id, name, weight) VALUES (9, 'Основная камера', 0.1);
INSERT INTO criteria (id, name, weight) VALUES (10, 'Фронтальная камера', 0.1);
INSERT INTO criteria (id, name, weight) VALUES (11, 'Качество звука', 0.2);
INSERT INTO criteria (id, name, weight) VALUES (12, 'Шумоподавление (ANC)', 0.1);
INSERT INTO criteria (id, name, weight) VALUES (13, 'Микрофон', 0.1);
INSERT INTO criteria (id, name, weight) VALUES (14, 'Точность датчиков', 0.2);
INSERT INTO criteria (id, name, weight) VALUES (15, 'Функциональность ПО', 0.1);

-- CATEGORY -> CRITERIA
INSERT INTO category_criteria (category_id, criterion_id) VALUES (1, 1);
INSERT INTO category_criteria (category_id, criterion_id) VALUES (1, 2);
INSERT INTO category_criteria (category_id, criterion_id) VALUES (1, 3);
INSERT INTO category_criteria (category_id, criterion_id) VALUES (1, 4);
INSERT INTO category_criteria (category_id, criterion_id) VALUES (1, 5);
INSERT INTO category_criteria (category_id, criterion_id) VALUES (1, 6);
INSERT INTO category_criteria (category_id, criterion_id) VALUES (1, 7);
INSERT INTO category_criteria (category_id, criterion_id) VALUES (1, 8);
INSERT INTO category_criteria (category_id, criterion_id) VALUES (2, 1);
INSERT INTO category_criteria (category_id, criterion_id) VALUES (2, 2);
INSERT INTO category_criteria (category_id, criterion_id) VALUES (2, 3);
INSERT INTO category_criteria (category_id, criterion_id) VALUES (2, 4);
INSERT INTO category_criteria (category_id, criterion_id) VALUES (2, 5);
INSERT INTO category_criteria (category_id, criterion_id) VALUES (2, 6);
INSERT INTO category_criteria (category_id, criterion_id) VALUES (2, 9);
INSERT INTO category_criteria (category_id, criterion_id) VALUES (2, 10);
INSERT INTO category_criteria (category_id, criterion_id) VALUES (3, 1);
INSERT INTO category_criteria (category_id, criterion_id) VALUES (3, 2);
INSERT INTO category_criteria (category_id, criterion_id) VALUES (3, 3);
INSERT INTO category_criteria (category_id, criterion_id) VALUES (3, 5);
INSERT INTO category_criteria (category_id, criterion_id) VALUES (3, 11);
INSERT INTO category_criteria (category_id, criterion_id) VALUES (3, 12);
INSERT INTO category_criteria (category_id, criterion_id) VALUES (3, 13);
INSERT INTO category_criteria (category_id, criterion_id) VALUES (4, 1);
INSERT INTO category_criteria (category_id, criterion_id) VALUES (4, 2);
INSERT INTO category_criteria (category_id, criterion_id) VALUES (4, 3);
INSERT INTO category_criteria (category_id, criterion_id) VALUES (4, 5);
INSERT INTO category_criteria (category_id, criterion_id) VALUES (4, 6);
INSERT INTO category_criteria (category_id, criterion_id) VALUES (4, 14);
INSERT INTO category_criteria (category_id, criterion_id) VALUES (4, 15);

-- PRODUCTS
INSERT INTO products (id, name, brand, category_id) VALUES (1, 'MacBook Air M2', 'Apple', 1);
INSERT INTO products (id, name, brand, category_id) VALUES (2, 'Dell XPS 15', 'Dell', 1);
INSERT INTO products (id, name, brand, category_id) VALUES (3, 'Lenovo Legion 5 Pro', 'Lenovo', 1);
INSERT INTO products (id, name, brand, category_id) VALUES (4, 'Asus Zenbook 14 OLED', 'Asus', 1);
INSERT INTO products (id, name, brand, category_id) VALUES (5, 'Microsoft Surface Laptop 5', 'Microsoft', 1);
INSERT INTO products (id, name, brand, category_id) VALUES (6, 'HP Spectre x360 14', 'HP', 1);
INSERT INTO products (id, name, brand, category_id) VALUES (7, 'Razer Blade 15', 'Razer', 1);
INSERT INTO products (id, name, brand, category_id) VALUES (8, 'iPhone 15 Pro', 'Apple', 2);
INSERT INTO products (id, name, brand, category_id) VALUES (9, 'Samsung Galaxy S24 Ultra', 'Samsung', 2);
INSERT INTO products (id, name, brand, category_id) VALUES (10, 'Google Pixel 8 Pro', 'Google', 2);
INSERT INTO products (id, name, brand, category_id) VALUES (11, 'OnePlus 12', 'OnePlus', 2);
INSERT INTO products (id, name, brand, category_id) VALUES (12, 'Xiaomi 14', 'Xiaomi', 2);
INSERT INTO products (id, name, brand, category_id) VALUES (13, 'Asus ROG Phone 8', 'Asus', 2);
INSERT INTO products (id, name, brand, category_id) VALUES (14, 'Nothing Phone (2)', 'Nothing', 2);
INSERT INTO products (id, name, brand, category_id) VALUES (15, 'Apple AirPods Pro 2', 'Apple', 3);
INSERT INTO products (id, name, brand, category_id) VALUES (16, 'Sony WH-1000XM5', 'Sony', 3);
INSERT INTO products (id, name, brand, category_id) VALUES (17, 'Bose QuietComfort Ultra Headphones', 'Bose', 3);
INSERT INTO products (id, name, brand, category_id) VALUES (18, 'Sennheiser Momentum 4', 'Sennheiser', 3);
INSERT INTO products (id, name, brand, category_id) VALUES (19, 'Anker Soundcore Liberty 4 NC', 'Anker', 3);
INSERT INTO products (id, name, brand, category_id) VALUES (20, 'Samsung Galaxy Buds 2 Pro', 'Samsung', 3);
INSERT INTO products (id, name, brand, category_id) VALUES (21, 'Beyerdynamic DT 990 Pro', 'Beyerdynamic', 3);
INSERT INTO products (id, name, brand, category_id) VALUES (22, 'Apple Watch Series 9', 'Apple', 4);
INSERT INTO products (id, name, brand, category_id) VALUES (23, 'Apple Watch Ultra 2', 'Apple', 4);
INSERT INTO products (id, name, brand, category_id) VALUES (24, 'Samsung Galaxy Watch 6 Classic', 'Samsung', 4);
INSERT INTO products (id, name, brand, category_id) VALUES (25, 'Google Pixel Watch 2', 'Google', 4);
INSERT INTO products (id, name, brand, category_id) VALUES (26, 'Garmin Fenix 7', 'Garmin', 4);
INSERT INTO products (id, name, brand, category_id) VALUES (27, 'Huawei Watch GT 4', 'Huawei', 4);
INSERT INTO products (id, name, brand, category_id) VALUES (28, 'Amazfit GTR 4', 'Amazfit', 4);
INSERT INTO products (id, name, brand, category_id) VALUES (29, 'Suunto 9 Peak Pro', 'Suunto', 4);
INSERT INTO products (id, name, brand, category_id) VALUES (30, 'Xiaomi Mi Band 8', 'Xiaomi', 4);

-- REVIEWS AND RATINGS (no text fields)
INSERT INTO reviews (id, date_created, product_id, status) VALUES(1, '2024-12-06 11:34:26', 1, 'ACTIVE');
INSERT INTO review_ratings (review_id, criterion_id, rating) VALUES (1, 1, 5), (1, 2, 3), (1, 3, 5), (1, 4, 5), (1, 5, 4), (1, 6, 5), (1, 7, 4), (1, 8, 5);
INSERT INTO reviews (id, date_created, product_id, status) VALUES(2, '2025-07-01 21:57:26', 1, 'REJECTED');
INSERT INTO review_ratings (review_id, criterion_id, rating) VALUES (2, 1, 5), (2, 2, 4), (2, 3, 4), (2, 4, 4), (2, 5, 4), (2, 6, 4), (2, 7, 5), (2, 8, 5);
INSERT INTO reviews (id, date_created, product_id, status) VALUES(3, '2024-11-06 01:14:26', 1, 'ACTIVE');
INSERT INTO review_ratings (review_id, criterion_id, rating) VALUES (3, 1, 5), (3, 2, 4), (3, 3, 5), (3, 4, 4), (3, 5, 4), (3, 6, 5), (3, 7, 4), (3, 8, 5);
INSERT INTO reviews (id, date_created, product_id, status) VALUES(4, '2025-03-07 21:28:26', 1, 'ACTIVE');
INSERT INTO review_ratings (review_id, criterion_id, rating) VALUES (4, 1, 4), (4, 2, 3), (4, 3, 5), (4, 4, 3), (4, 5, 5), (4, 6, 4), (4, 7, 4), (4, 8, 4);
INSERT INTO reviews (id, date_created, product_id, status) VALUES(5, '2025-07-05 05:30:26', 1, 'ACTIVE');
INSERT INTO review_ratings (review_id, criterion_id, rating) VALUES (5, 1, 5), (5, 2, 2), (5, 3, 4), (5, 4, 4), (5, 5, 5), (5, 6, 5), (5, 7, 4), (5, 8, 4);
INSERT INTO reviews (id, date_created, product_id, status) VALUES(6, '2024-11-13 18:31:26', 1, 'ACTIVE');
INSERT INTO review_ratings (review_id, criterion_id, rating) VALUES (6, 1, 5), (6, 2, 4), (6, 3, 5), (6, 4, 5), (6, 5, 5), (6, 6, 5), (6, 7, 3), (6, 8, 4);
INSERT INTO reviews (id, date_created, product_id, status) VALUES(7, '2025-10-01 06:43:26', 1, 'ACTIVE');
INSERT INTO review_ratings (review_id, criterion_id, rating) VALUES (7, 1, 5), (7, 2, 3), (7, 3, 5), (7, 4, 5), (7, 5, 5), (7, 6, 5), (7, 7, 4), (7, 8, 4);
INSERT INTO reviews (id, date_created, product_id, status) VALUES(8, '2024-12-04 00:26:26', 1, 'ACTIVE');
INSERT INTO review_ratings (review_id, criterion_id, rating) VALUES (8, 1, 5), (8, 2, 4), (8, 3, 5), (8, 4, 5), (8, 5, 5), (8, 6, 5), (8, 7, 5), (8, 8, 5);
INSERT INTO reviews (id, date_created, product_id, status) VALUES(9, '2025-02-10 23:30:26', 1, 'ACTIVE');
INSERT INTO review_ratings (review_id, criterion_id, rating) VALUES (9, 1, 5), (9, 2, 2), (9, 3, 5), (9, 4, 5), (9, 5, 4), (9, 6, 5), (9, 7, 4), (9, 8, 4);
INSERT INTO reviews (id, date_created, product_id, status) VALUES(10, '2025-06-22 20:40:26', 1, 'ACTIVE');
INSERT INTO review_ratings (review_id, criterion_id, rating) VALUES (10, 1, 5), (10, 2, 2), (10, 3, 5), (10, 4, 3), (10, 5, 5), (10, 6, 4), (10, 7, 4), (10, 8, 5);
INSERT INTO reviews (id, date_created, product_id, status) VALUES(11, '2025-10-27 14:39:26', 1, 'ACTIVE');
INSERT INTO review_ratings (review_id, criterion_id, rating) VALUES (11, 1, 5), (11, 2, 2), (11, 3, 5), (11, 4, 4), (11, 5, 4), (11, 6, 4), (11, 7, 4), (11, 8, 4);
INSERT INTO reviews (id, date_created, product_id, status) VALUES(12, '2025-04-21 09:01:26', 1, 'ACTIVE');
INSERT INTO review_ratings (review_id, criterion_id, rating) VALUES (12, 1, 5), (12, 2, 2), (12, 3, 4), (12, 4, 4), (12, 5, 5), (12, 6, 5), (12, 7, 5), (12, 8, 4);
INSERT INTO reviews (id, date_created, product_id, status) VALUES(13, '2025-06-29 13:20:26', 1, 'ACTIVE');
INSERT INTO review_ratings (review_id, criterion_id, rating) VALUES (13, 1, 5), (13, 2, 2), (13, 3, 5), (13, 4, 4), (13, 5, 5), (13, 6, 4), (13, 7, 5), (13, 8, 5);
INSERT INTO reviews (id, date_created, product_id, status) VALUES(14, '2025-01-21 09:19:26', 1, 'ACTIVE');
INSERT INTO review_ratings (review_id, criterion_id, rating) VALUES (14, 1, 4), (14, 2, 1), (14, 3, 5), (14, 4, 4), (14, 5, 4), (14, 6, 4), (14, 7, 3), (14, 8, 5);
INSERT INTO reviews (id, date_created, product_id, status) VALUES(15, '2025-04-20 23:38:26', 1, 'ACTIVE');
INSERT INTO review_ratings (review_id, criterion_id, rating) VALUES (15, 1, 5), (15, 2, 3), (15, 3, 4), (15, 4, 5), (15, 5, 5), (15, 6, 5), (15, 7, 5), (15, 8, 5);
INSERT INTO reviews (id, date_created, product_id, status) VALUES(16, '2025-07-04 11:38:26', 1, 'ACTIVE');
INSERT INTO review_ratings (review_id, criterion_id, rating) VALUES (16, 1, 4), (16, 2, 3), (16, 3, 5), (16, 4, 5), (16, 5, 4), (16, 6, 5), (16, 7, 5), (16, 8, 4);
INSERT INTO reviews (id, date_created, product_id, status) VALUES(17, '2025-06-26 22:44:26', 1, 'ACTIVE');
INSERT INTO review_ratings (review_id, criterion_id, rating) VALUES (17, 1, 5), (17, 2, 3), (17, 3, 4), (17, 4, 4), (17, 5, 5), (17, 6, 5), (17, 7, 4), (17, 8, 4);
INSERT INTO reviews (id, date_created, product_id, status) VALUES(18, '2025-09-28 01:49:26', 2, 'ACTIVE');
INSERT INTO review_ratings (review_id, criterion_id, rating) VALUES (18, 1, 5), (18, 2, 2), (18, 3, 4), (18, 4, 5), (18, 5, 3), (18, 6, 5), (18, 7, 4), (18, 8, 5);
INSERT INTO reviews (id, date_created, product_id, status) VALUES(19, '2025-03-16 21:29:26', 2, 'ACTIVE');
INSERT INTO review_ratings (review_id, criterion_id, rating) VALUES (19, 1, 5), (19, 2, 3), (19, 3, 5), (19, 4, 4), (19, 5, 3), (19, 6, 5), (19, 7, 4), (19, 8, 4);
INSERT INTO reviews (id, date_created, product_id, status) VALUES(20, '2025-04-07 13:25:26', 2, 'ACTIVE');
INSERT INTO review_ratings (review_id, criterion_id, rating) VALUES (20, 1, 5), (20, 2, 3), (20, 3, 4), (20, 4, 4), (20, 5, 2), (20, 6, 5), (20, 7, 5), (20, 8, 4);
INSERT INTO reviews (id, date_created, product_id, status) VALUES(21, '2025-02-22 10:23:26', 2, 'ACTIVE');
INSERT INTO review_ratings (review_id, criterion_id, rating) VALUES (21, 1, 5), (21, 2, 3), (21, 3, 3), (21, 4, 4), (21, 5, 4), (21, 6, 5), (21, 7, 3), (21, 8, 4);
INSERT INTO reviews (id, date_created, product_id, status) VALUES(22, '2025-08-10 13:03:26', 2, 'ACTIVE');
INSERT INTO review_ratings (review_id, criterion_id, rating) VALUES (22, 1, 5), (22, 2, 4), (22, 3, 4), (22, 4, 4), (22, 5, 4), (22, 6, 5), (22, 7, 4), (22, 8, 5);
INSERT INTO reviews (id, date_created, product_id, status) VALUES(23, '2024-12-16 12:09:26', 2, 'ACTIVE');
INSERT INTO review_ratings (review_id, criterion_id, rating) VALUES (23, 1, 4), (23, 2, 3), (23, 3, 4), (23, 4, 5), (23, 5, 3), (23, 6, 5), (23, 7, 5), (23, 8, 4);
INSERT INTO reviews (id, date_created, product_id, status) VALUES(24, '2025-03-09 03:36:26', 2, 'ACTIVE');
INSERT INTO review_ratings (review_id, criterion_id, rating) VALUES (24, 1, 5), (24, 2, 3), (24, 3, 5), (24, 4, 4), (24, 5, 4), (24, 6, 5), (24, 7, 4), (24, 8, 5);
INSERT INTO reviews (id, date_created, product_id, status) VALUES(25, '2025-09-24 07:12:26', 2, 'ACTIVE');
INSERT INTO review_ratings (review_id, criterion_id, rating) VALUES (25, 1, 4), (25, 2, 3), (25, 3, 3), (25, 4, 5), (25, 5, 3), (25, 6, 4), (25, 7, 4), (25, 8, 3);
INSERT INTO reviews (id, date_created, product_id, status) VALUES(26, '2024-11-24 10:39:26', 2, 'ACTIVE');
INSERT INTO review_ratings (review_id, criterion_id, rating) VALUES (26, 1, 5), (26, 2, 3), (26, 3, 4), (26, 4, 4), (26, 5, 2), (26, 6, 4), (26, 7, 4), (26, 8, 5);
INSERT INTO reviews (id, date_created, product_id, status) VALUES(27, '2025-06-15 22:04:26', 2, 'ACTIVE');
INSERT INTO review_ratings (review_id, criterion_id, rating) VALUES (27, 1, 5), (27, 2, 3), (27, 3, 3), (27, 4, 3), (27, 5, 4), (27, 6, 5), (27, 7, 5), (27, 8, 5);
INSERT INTO reviews (id, date_created, product_id, status) VALUES(28, '2025-08-07 15:07:26', 2, 'ACTIVE');
INSERT INTO review_ratings (review_id, criterion_id, rating) VALUES (28, 1, 5), (28, 2, 3), (28, 3, 5), (28, 4, 5), (28, 5, 4), (28, 6, 4), (28, 7, 4), (28, 8, 3);
INSERT INTO reviews (id, date_created, product_id, status) VALUES(29, '2025-08-15 01:27:26', 2, 'ACTIVE');
INSERT INTO review_ratings (review_id, criterion_id, rating) VALUES (29, 1, 4), (29, 2, 4), (29, 3, 4), (29, 4, 4), (29, 5, 3), (29, 6, 5), (29, 7, 4), (29, 8, 3);
INSERT INTO reviews (id, date_created, product_id, status) VALUES(30, '2025-01-16 00:56:26', 2, 'ACTIVE');
INSERT INTO review_ratings (review_id, criterion_id, rating) VALUES (30, 1, 5), (30, 2, 3), (30, 3, 5), (30, 4, 5), (30, 5, 3), (30, 6, 5), (30, 7, 5), (30, 8, 5);
INSERT INTO reviews (id, date_created, product_id, status) VALUES(31, '2025-04-01 16:40:26', 2, 'ACTIVE');
INSERT INTO review_ratings (review_id, criterion_id, rating) VALUES (31, 1, 5), (31, 2, 3), (31, 3, 4), (31, 4, 4), (31, 5, 4), (31, 6, 5), (31, 7, 4), (31, 8, 5);
INSERT INTO reviews (id, date_created, product_id, status) VALUES(32, '2025-05-03 04:43:26', 2, 'ACTIVE');
INSERT INTO review_ratings (review_id, criterion_id, rating) VALUES (32, 1, 5), (32, 2, 3), (32, 3, 4), (32, 4, 5), (32, 5, 4), (32, 6, 4), (32, 7, 4), (32, 8, 5);
INSERT INTO reviews (id, date_created, product_id, status) VALUES(33, '2025-04-07 16:42:26', 2, 'ACTIVE');
INSERT INTO review_ratings (review_id, criterion_id, rating) VALUES (33, 1, 5), (33, 2, 3), (33, 3, 4), (33, 4, 4), (33, 5, 4), (33, 6, 5), (33, 7, 4), (33, 8, 4);
INSERT INTO reviews (id, date_created, product_id, status) VALUES(34, '2025-05-22 00:57:26', 2, 'ACTIVE');
INSERT INTO review_ratings (review_id, criterion_id, rating) VALUES (34, 1, 5), (34, 2, 4), (34, 3, 4), (34, 4, 4), (34, 5, 3), (34, 6, 5), (34, 7, 4), (34, 8, 3);
INSERT INTO reviews (id, date_created, product_id, status) VALUES(35, '2024-11-20 08:12:26', 3, 'ACTIVE');
INSERT INTO review_ratings (review_id, criterion_id, rating) VALUES (35, 1, 4), (35, 2, 4), (35, 3, 3), (35, 4, 4), (35, 5, 3), (35, 6, 5), (35, 7, 4), (35, 8, 2);
INSERT INTO reviews (id, date_created, product_id, status) VALUES(36, '2025-05-15 01:51:26', 3, 'ACTIVE');
INSERT INTO review_ratings (review_id, criterion_id, rating) VALUES (36, 1, 3), (36, 2, 5), (36, 3, 4), (36, 4, 5), (36, 5, 3), (36, 6, 4), (36, 7, 5), (36, 8, 3);
INSERT INTO reviews (id, date_created, product_id, status) VALUES(37, '2025-10-29 05:17:26', 3, 'ACTIVE');
INSERT INTO review_ratings (review_id, criterion_id, rating) VALUES (37, 1, 3), (37, 2, 3), (37, 3, 3), (37, 4, 5), (37, 5, 2), (37, 6, 4), (37, 7, 5), (37, 8, 1);
INSERT INTO reviews (id, date_created, product_id, status) VALUES(38, '2025-08-03 17:30:26', 3, 'ACTIVE');
INSERT INTO review_ratings (review_id, criterion_id, rating) VALUES (38, 1, 3), (38, 2, 4), (38, 3, 4), (38, 4, 5), (38, 5, 2), (38, 6, 5), (38, 7, 5), (38, 8, 2);
INSERT INTO reviews (id, date_created, product_id, status) VALUES(39, '2025-10-06 07:05:26', 3, 'ACTIVE');
INSERT INTO review_ratings (review_id, criterion_id, rating) VALUES (39, 1, 3), (39, 2, 4), (39, 3, 4), (39, 4, 4), (39, 5, 2), (39, 6, 4), (39, 7, 5), (39, 8, 2);
INSERT INTO reviews (id, date_created, product_id, status) VALUES(40, '2024-11-11 13:38:26', 3, 'ACTIVE');
INSERT INTO review_ratings (review_id, criterion_id, rating) VALUES (40, 1, 3), (40, 2, 4), (40, 3, 3), (40, 4, 5), (40, 5, 3), (40, 6, 5), (40, 7, 5), (40, 8, 2);
INSERT INTO reviews (id, date_created, product_id, status) VALUES(41, '2025-08-28 00:27:26', 3, 'ACTIVE');
INSERT INTO review_ratings (review_id, criterion_id, rating) VALUES (41, 1, 2), (41, 2, 2), (41, 3, 2), (41, 4, 4), (41, 5, 3), (41, 6, 4), (41, 7, 5), (41, 8, 2);
INSERT INTO reviews (id, date_created, product_id, status) VALUES(42, '2025-01-21 23:38:26', 3, 'ACTIVE');
INSERT INTO review_ratings (review_id, criterion_id, rating) VALUES (42, 1, 3), (42, 2, 4), (42, 3, 3), (42, 4, 4), (42, 5, 2), (42, 6, 5), (42, 7, 4), (42, 8, 2);
INSERT INTO reviews (id, date_created, product_id, status) VALUES(43, '2025-03-18 11:50:26', 3, 'ACTIVE');
INSERT INTO review_ratings (review_id, criterion_id, rating) VALUES (43, 1, 3), (43, 2, 5), (43, 3, 3), (43, 4, 5), (43, 5, 2), (43, 6, 5), (43, 7, 5), (43, 8, 2);
INSERT INTO reviews (id, date_created, product_id, status) VALUES(44, '2025-04-04 04:01:26', 3, 'ACTIVE');
INSERT INTO review_ratings (review_id, criterion_id, rating) VALUES (44, 1, 4), (44, 2, 5), (44, 3, 2), (44, 4, 5), (44, 5, 2), (44, 6, 5), (44, 7, 5), (44, 8, 2);
INSERT INTO reviews (id, date_created, product_id, status) VALUES(45, '2025-02-27 14:13:26', 3, 'ACTIVE');
INSERT INTO review_ratings (review_id, criterion_id, rating) VALUES (45, 1, 2), (45, 2, 5), (45, 3, 4), (45, 4, 4), (45, 5, 2), (45, 6, 4), (45, 7, 5), (45, 8, 2);
INSERT INTO reviews (id, date_created, product_id, status) VALUES(46, '2025-06-12 01:04:26', 3, 'REJECTED');
INSERT INTO review_ratings (review_id, criterion_id, rating) VALUES (46, 1, 3), (46, 2, 5), (46, 3, 3), (46, 4, 5), (46, 5, 2), (46, 6, 5), (46, 7, 5), (46, 8, 2);
INSERT INTO reviews (id, date_created, product_id, status) VALUES(47, '2025-04-10 19:59:26', 3, 'ACTIVE');
INSERT INTO review_ratings (review_id, criterion_id, rating) VALUES (47, 1, 4), (47, 2, 5), (47, 3, 3), (47, 4, 5), (47, 5, 2), (47, 6, 5), (47, 7, 4), (47, 8, 2);
INSERT INTO reviews (id, date_created, product_id, status) VALUES(48, '2025-04-18 05:47:26', 3, 'ACTIVE');
INSERT INTO review_ratings (review_id, criterion_id, rating) VALUES (48, 1, 2), (48, 2, 5), (48, 3, 2), (48, 4, 5), (48, 5, 3), (48, 6, 5), (48, 7, 5), (48, 8, 2);
INSERT INTO reviews (id, date_created, product_id, status) VALUES(49, '2024-11-30 12:47:26', 3, 'ACTIVE');
INSERT INTO review_ratings (review_id, criterion_id, rating) VALUES (49, 1, 3), (49, 2, 5), (49, 3, 3), (49, 4, 5), (49, 5, 2), (49, 6, 5), (49, 7, 5), (49, 8, 2);
INSERT INTO reviews (id, date_created, product_id, status) VALUES(50, '2025-06-20 03:25:26', 3, 'ACTIVE');
INSERT INTO review_ratings (review_id, criterion_id, rating) VALUES (50, 1, 4), (50, 2, 4), (50, 3, 3), (50, 4, 5), (50, 5, 2), (50, 6, 5), (50, 7, 5), (50, 8, 2);
INSERT INTO reviews (id, date_created, product_id, status) VALUES(51, '2025-04-20 01:50:26', 3, 'ACTIVE');
INSERT INTO review_ratings (review_id, criterion_id, rating) VALUES (51, 1, 2), (51, 2, 4), (51, 3, 3), (51, 4, 5), (51, 5, 2), (51, 6, 5), (51, 7, 5), (51, 8, 1);
INSERT INTO reviews (id, date_created, product_id, status) VALUES(52, '2025-01-13 13:13:26', 4, 'ACTIVE');
INSERT INTO review_ratings (review_id, criterion_id, rating) VALUES (52, 1, 3), (52, 2, 3), (52, 3, 3), (52, 4, 3), (52, 5, 3), (52, 6, 4), (52, 7, 3), (52, 8, 4);
INSERT INTO reviews (id, date_created, product_id, status) VALUES(53, '2025-03-07 16:26:26', 4, 'ACTIVE');
INSERT INTO review_ratings (review_id, criterion_id, rating) VALUES (53, 1, 3), (53, 2, 1), (53, 3, 3), (53, 4, 5), (53, 5, 3), (53, 6, 3), (53, 7, 3), (53, 8, 4);
INSERT INTO reviews (id, date_created, product_id, status) VALUES(54, '2025-06-14 03:41:26', 4, 'ACTIVE');
INSERT INTO review_ratings (review_id, criterion_id, rating) VALUES (54, 1, 4), (54, 2, 3), (54, 3, 3), (54, 4, 4), (54, 5, 3), (54, 6, 3), (54, 7, 3), (54, 8, 4);
INSERT INTO reviews (id, date_created, product_id, status) VALUES(55, '2025-05-16 09:04:26', 4, 'ACTIVE');
INSERT INTO review_ratings (review_id, criterion_id, rating) VALUES (55, 1, 4), (55, 2, 3), (55, 3, 4), (55, 4, 3), (55, 5, 3), (55, 6, 4), (55, 7, 4), (55, 8, 3);
INSERT INTO reviews (id, date_created, product_id, status) VALUES(56, '2025-04-03 23:00:26', 4, 'ACTIVE');
INSERT INTO review_ratings (review_id, criterion_id, rating) VALUES (56, 1, 3), (56, 2, 2), (56, 3, 2), (56, 4, 4), (56, 5, 4), (56, 6, 4), (56, 7, 3), (56, 8, 3);
INSERT INTO reviews (id, date_created, product_id, status) VALUES(57, '2025-01-05 03:05:26', 4, 'ACTIVE');
INSERT INTO review_ratings (review_id, criterion_id, rating) VALUES (57, 1, 2), (57, 2, 5), (57, 3, 3), (57, 4, 3), (57, 5, 3), (57, 6, 4), (57, 7, 4), (57, 8, 4);
INSERT INTO reviews (id, date_created, product_id, status) VALUES(58, '2025-05-21 10:48:26', 4, 'ACTIVE');
INSERT INTO review_ratings (review_id, criterion_id, rating) VALUES (58, 1, 4), (58, 2, 3), (58, 3, 4), (58, 4, 4), (58, 5, 3), (58, 6, 2), (58, 7, 3), (58, 8, 3);
INSERT INTO reviews (id, date_created, product_id, status) VALUES(59, '2025-09-08 08:17:26', 4, 'ACTIVE');
INSERT INTO review_ratings (review_id, criterion_id, rating) VALUES (59, 1, 4), (59, 2, 4), (59, 3, 3), (59, 4, 3), (59, 5, 4), (59, 6, 3), (59, 7, 3), (59, 8, 3);
INSERT INTO reviews (id, date_created, product_id, status) VALUES(60, '2025-02-20 10:40:26', 4, 'REJECTED');
INSERT INTO review_ratings (review_id, criterion_id, rating) VALUES (60, 1, 3), (60, 2, 4), (60, 3, 3), (60, 4, 5), (60, 5, 3), (60, 6, 5), (60, 7, 4), (60, 8, 4);
INSERT INTO reviews (id, date_created, product_id, status) VALUES(61, '2025-02-20 11:59:26', 4, 'ACTIVE');
INSERT INTO review_ratings (review_id, criterion_id, rating) VALUES (61, 1, 4), (61, 2, 4), (61, 3, 3), (61, 4, 3), (61, 5, 4), (61, 6, 3), (61, 7, 4), (61, 8, 3);
INSERT INTO reviews (id, date_created, product_id, status) VALUES(62, '2024-12-17 06:46:26', 4, 'ACTIVE');
INSERT INTO review_ratings (review_id, criterion_id, rating) VALUES (62, 1, 3), (62, 2, 4), (62, 3, 5), (62, 4, 2), (62, 5, 3), (62, 6, 4), (62, 7, 3), (62, 8, 3);
INSERT INTO reviews (id, date_created, product_id, status) VALUES(63, '2025-07-14 18:22:26', 4, 'ACTIVE');
INSERT INTO review_ratings (review_id, criterion_id, rating) VALUES (63, 1, 4), (63, 2, 4), (63, 3, 3), (63, 4, 3), (63, 5, 3), (63, 6, 4), (63, 7, 3), (63, 8, 4);
INSERT INTO reviews (id, date_created, product_id, status) VALUES(64, '2025-06-03 16:17:26', 4, 'ACTIVE');
INSERT INTO review_ratings (review_id, criterion_id, rating) VALUES (64, 1, 3), (64, 2, 4), (64, 3, 4), (64, 4, 3), (64, 5, 3), (64, 6, 3), (64, 7, 4), (64, 8, 3);
INSERT INTO reviews (id, date_created, product_id, status) VALUES(65, '2025-01-24 06:54:26', 4, 'ACTIVE');
INSERT INTO review_ratings (review_id, criterion_id, rating) VALUES (65, 1, 3), (65, 2, 4), (65, 3, 4), (65, 4, 4), (65, 5, 3), (65, 6, 3), (65, 7, 4), (65, 8, 3);
INSERT INTO reviews (id, date_created, product_id, status) VALUES(66, '2025-03-03 16:16:26', 4, 'ACTIVE');
INSERT INTO review_ratings (review_id, criterion_id, rating) VALUES (66, 1, 4), (66, 2, 3), (66, 3, 3), (66, 4, 4), (66, 5, 4), (66, 6, 4), (66, 7, 3), (66, 8, 4);
INSERT INTO reviews (id, date_created, product_id, status) VALUES(67, '2025-09-13 06:52:26', 4, 'ACTIVE');
INSERT INTO review_ratings (review_id, criterion_id, rating) VALUES (67, 1, 2), (67, 2, 3), (67, 3, 4), (67, 4, 3), (67, 5, 3), (67, 6, 4), (67, 7, 4), (67, 8, 3);
INSERT INTO reviews (id, date_created, product_id, status) VALUES(68, '2024-11-29 23:37:26', 4, 'ACTIVE');
INSERT INTO review_ratings (review_id, criterion_id, rating) VALUES (68, 1, 4), (68, 2, 3), (68, 3, 4), (68, 4, 2), (68, 5, 3), (68, 6, 4), (68, 7, 3), (68, 8, 4);
INSERT INTO reviews (id, date_created, product_id, status) VALUES(69, '2025-08-08 04:09:26', 5, 'ACTIVE');
INSERT INTO review_ratings (review_id, criterion_id, rating) VALUES (69, 1, 3), (69, 2, 5), (69, 3, 4), (69, 4, 3), (69, 5, 3), (69, 6, 4), (69, 7, 3), (69, 8, 5);
INSERT INTO reviews (id, date_created, product_id, status) VALUES(70, '2025-04-05 21:43:26', 5, 'ACTIVE');
INSERT INTO review_ratings (review_id, criterion_id, rating) VALUES (70, 1, 3), (70, 2, 3), (70, 3, 3), (70, 4, 4), (70, 5, 3), (70, 6, 4), (70, 7, 3), (70, 8, 3);
INSERT INTO reviews (id, date_created, product_id, status) VALUES(71, '2025-07-17 06:00:26', 5, 'ACTIVE');
INSERT INTO review_ratings (review_id, criterion_id, rating) VALUES (71, 1, 3), (71, 2, 5), (71, 3, 3), (71, 4, 4), (71, 5, 3), (71, 6, 3), (71, 7, 3), (71, 8, 3);
INSERT INTO reviews (id, date_created, product_id, status) VALUES(72, '2025-10-21 21:09:26', 5, 'ACTIVE');
INSERT INTO review_ratings (review_id, criterion_id, rating) VALUES (72, 1, 5), (72, 2, 3), (72, 3, 3), (72, 4, 4), (72, 5, 4), (72, 6, 3), (72, 7, 3), (72, 8, 3);
INSERT INTO reviews (id, date_created, product_id, status) VALUES(73, '2025-06-12 00:42:26', 5, 'ACTIVE');
INSERT INTO review_ratings (review_id, criterion_id, rating) VALUES (73, 1, 3), (73, 2, 4), (73, 3, 4), (73, 4, 4), (73, 5, 3), (73, 6, 3), (73, 7, 4), (73, 8, 4);
INSERT INTO reviews (id, date_created, product_id, status) VALUES(74, '2025-03-31 03:36:26', 5, 'ACTIVE');
INSERT INTO review_ratings (review_id, criterion_id, rating) VALUES (74, 1, 3), (74, 2, 4), (74, 3, 3), (74, 4, 2), (74, 5, 3), (74, 6, 3), (74, 7, 4), (74, 8, 3);
INSERT INTO reviews (id, date_created, product_id, status) VALUES(75, '2025-02-24 03:14:26', 5, 'ACTIVE');
INSERT INTO review_ratings (review_id, criterion_id, rating) VALUES (75, 1, 3), (75, 2, 3), (75, 3, 3), (75, 4, 4), (75, 5, 3), (75, 6, 3), (75, 7, 4), (75, 8, 5);
INSERT INTO reviews (id, date_created, product_id, status) VALUES(76, '2025-10-07 03:48:26', 5, 'ACTIVE');
INSERT INTO review_ratings (review_id, criterion_id, rating) VALUES (76, 1, 4), (76, 2, 3), (76, 3, 5), (76, 4, 3), (76, 5, 3), (76, 6, 3), (76, 7, 4), (76, 8, 3);
INSERT INTO reviews (id, date_created, product_id, status) VALUES(77, '2024-12-31 03:40:26', 5, 'ACTIVE');
INSERT INTO review_ratings (review_id, criterion_id, rating) VALUES (77, 1, 4), (77, 2, 3), (77, 3, 4), (77, 4, 3), (77, 5, 4), (77, 6, 4), (77, 7, 4), (77, 8, 3);
INSERT INTO reviews (id, date_created, product_id, status) VALUES(78, '2025-06-16 03:56:26', 5, 'ACTIVE');
INSERT INTO review_ratings (review_id, criterion_id, rating) VALUES (78, 1, 3), (78, 2, 2), (78, 3, 4), (78, 4, 3), (78, 5, 3), (78, 6, 4), (78, 7, 3), (78, 8, 3);
INSERT INTO reviews (id, date_created, product_id, status) VALUES(79, '2025-01-25 12:56:26', 5, 'ACTIVE');
INSERT INTO review_ratings (review_id, criterion_id, rating) VALUES (79, 1, 3), (79, 2, 2), (79, 3, 4), (79, 4, 3), (79, 5, 3), (79, 6, 4), (79, 7, 3), (79, 8, 3);
INSERT INTO reviews (id, date_created, product_id, status) VALUES(80, '2025-03-16 08:51:26', 5, 'ACTIVE');
INSERT INTO review_ratings (review_id, criterion_id, rating) VALUES (80, 1, 4), (80, 2, 4), (80, 3, 4), (80, 4, 4), (80, 5, 3), (80, 6, 4), (80, 7, 3), (80, 8, 4);
INSERT INTO reviews (id, date_created, product_id, status) VALUES(81, '2025-07-29 09:24:26', 5, 'ACTIVE');
INSERT INTO review_ratings (review_id, criterion_id, rating) VALUES (81, 1, 4), (81, 2, 3), (81, 3, 4), (81, 4, 5), (81, 5, 4), (81, 6, 4), (81, 7, 3), (81, 8, 4);
INSERT INTO reviews (id, date_created, product_id, status) VALUES(82, '2025-10-24 23:38:26', 5, 'ACTIVE');
INSERT INTO review_ratings (review_id, criterion_id, rating) VALUES (82, 1, 3), (82, 2, 3), (82, 3, 5), (82, 4, 3), (82, 5, 3), (82, 6, 5), (82, 7, 3), (82, 8, 3);
INSERT INTO reviews (id, date_created, product_id, status) VALUES(83, '2025-05-28 08:11:26', 5, 'ACTIVE');
INSERT INTO review_ratings (review_id, criterion_id, rating) VALUES (83, 1, 4), (83, 2, 4), (83, 3, 3), (83, 4, 4), (83, 5, 3), (83, 6, 3), (83, 7, 4), (83, 8, 3);
INSERT INTO reviews (id, date_created, product_id, status) VALUES(84, '2025-10-24 19:40:26', 5, 'ACTIVE');
INSERT INTO review_ratings (review_id, criterion_id, rating) VALUES (84, 1, 3), (84, 2, 3), (84, 3, 3), (84, 4, 3), (84, 5, 4), (84, 6, 3), (84, 7, 4), (84, 8, 3);
INSERT INTO reviews (id, date_created, product_id, status) VALUES(85, '2025-05-02 06:55:26', 5, 'ACTIVE');
INSERT INTO review_ratings (review_id, criterion_id, rating) VALUES (85, 1, 3), (85, 2, 5), (85, 3, 4), (85, 4, 3), (85, 5, 4), (85, 6, 4), (85, 7, 3), (85, 8, 3);
INSERT INTO reviews (id, date_created, product_id, status) VALUES(86, '2025-03-18 12:58:26', 6, 'ACTIVE');
INSERT INTO review_ratings (review_id, criterion_id, rating) VALUES (86, 1, 4), (86, 2, 5), (86, 3, 3), (86, 4, 4), (86, 5, 4), (86, 6, 5), (86, 7, 4), (86, 8, 3);
INSERT INTO reviews (id, date_created, product_id, status) VALUES(87, '2025-02-15 05:42:26', 6, 'ACTIVE');
INSERT INTO review_ratings (review_id, criterion_id, rating) VALUES (87, 1, 5), (87, 2, 3), (87, 3, 4), (87, 4, 3), (87, 5, 4), (87, 6, 3), (87, 7, 3), (87, 8, 4);
INSERT INTO reviews (id, date_created, product_id, status) VALUES(88, '2025-07-05 16:49:26', 6, 'ACTIVE');
INSERT INTO review_ratings (review_id, criterion_id, rating) VALUES (88, 1, 3), (88, 2, 4), (88, 3, 3), (88, 4, 3), (88, 5, 3), (88, 6, 4), (88, 7, 4), (88, 8, 4);
INSERT INTO reviews (id, date_created, product_id, status) VALUES(89, '2024-11-19 05:58:26', 6, 'ACTIVE');
INSERT INTO review_ratings (review_id, criterion_id, rating) VALUES (89, 1, 3), (89, 2, 3), (89, 3, 3), (89, 4, 3), (89, 5, 2), (89, 6, 3), (89, 7, 3), (89, 8, 4);
INSERT INTO reviews (id, date_created, product_id, status) VALUES(90, '2024-12-02 11:55:26', 6, 'ACTIVE');
INSERT INTO review_ratings (review_id, criterion_id, rating) VALUES (90, 1, 4), (90, 2, 3), (90, 3, 3), (90, 4, 4), (90, 5, 4), (90, 6, 3), (90, 7, 3), (90, 8, 4);
INSERT INTO reviews (id, date_created, product_id, status) VALUES(91, '2025-01-27 10:11:26', 6, 'ACTIVE');
INSERT INTO review_ratings (review_id, criterion_id, rating) VALUES (91, 1, 3), (91, 2, 2), (91, 3, 4), (91, 4, 3), (91, 5, 3), (91, 6, 3), (91, 7, 3), (91, 8, 4);
INSERT INTO reviews (id, date_created, product_id, status) VALUES(92, '2025-02-20 19:09:26', 6, 'ACTIVE');
INSERT INTO review_ratings (review_id, criterion_id, rating) VALUES (92, 1, 3), (92, 2, 5), (92, 3, 4), (92, 4, 4), (92, 5, 4), (92, 6, 4), (92, 7, 4), (92, 8, 3);
INSERT INTO reviews (id, date_created, product_id, status) VALUES(93, '2024-12-03 03:32:26', 6, 'ACTIVE');
INSERT INTO review_ratings (review_id, criterion_id, rating) VALUES (93, 1, 4), (93, 2, 4), (93, 3, 4), (93, 4, 3), (93, 5, 3), (93, 6, 3), (93, 7, 3), (93, 8, 3);
INSERT INTO reviews (id, date_created, product_id, status) VALUES(94, '2025-05-12 07:27:26', 6, 'ACTIVE');
INSERT INTO review_ratings (review_id, criterion_id, rating) VALUES (94, 1, 4), (94, 2, 5), (94, 3, 3), (94, 4, 3), (94, 5, 4), (94, 6, 3), (94, 7, 4), (94, 8, 2);
INSERT INTO reviews (id, date_created, product_id, status) VALUES(95, '2024-12-28 14:18:26', 6, 'ACTIVE');
INSERT INTO review_ratings (review_id, criterion_id, rating) VALUES (95, 1, 4), (95, 2, 4), (95, 3, 3), (95, 4, 4), (95, 5, 3), (95, 6, 3), (95, 7, 5), (95, 8, 4);
INSERT INTO reviews (id, date_created, product_id, status) VALUES(96, '2025-06-29 20:15:26', 6, 'REJECTED');
INSERT INTO review_ratings (review_id, criterion_id, rating) VALUES (96, 1, 3), (96, 2, 4), (96, 3, 3), (96, 4, 4), (96, 5, 4), (96, 6, 4), (96, 7, 3), (96, 8, 4);
INSERT INTO reviews (id, date_created, product_id, status) VALUES(97, '2025-03-11 22:21:26', 6, 'ACTIVE');
INSERT INTO review_ratings (review_id, criterion_id, rating) VALUES (97, 1, 5), (97, 2, 4), (97, 3, 4), (97, 4, 3), (97, 5, 2), (97, 6, 4), (97, 7, 4), (97, 8, 4);
INSERT INTO reviews (id, date_created, product_id, status) VALUES(98, '2025-04-07 00:52:26', 6, 'ACTIVE');
INSERT INTO review_ratings (review_id, criterion_id, rating) VALUES (98, 1, 3), (98, 2, 3), (98, 3, 4), (98, 4, 3), (98, 5, 4), (98, 6, 4), (98, 7, 3), (98, 8, 3);
INSERT INTO reviews (id, date_created, product_id, status) VALUES(99, '2024-10-30 04:11:26', 6, 'ACTIVE');
INSERT INTO review_ratings (review_id, criterion_id, rating) VALUES (99, 1, 3), (99, 2, 3), (99, 3, 3), (99, 4, 3), (99, 5, 3), (99, 6, 2), (99, 7, 3), (99, 8, 3);
INSERT INTO reviews (id, date_created, product_id, status) VALUES(100, '2025-07-11 01:07:26', 6, 'ACTIVE');
INSERT INTO review_ratings (review_id, criterion_id, rating) VALUES (100, 1, 3), (100, 2, 4), (100, 3, 3), (100, 4, 4), (100, 5, 3), (100, 6, 4), (100, 7, 3), (100, 8, 5);
INSERT INTO reviews (id, date_created, product_id, status) VALUES(101, '2024-11-11 23:31:26', 6, 'ACTIVE');
INSERT INTO review_ratings (review_id, criterion_id, rating) VALUES (101, 1, 4), (101, 2, 4), (101, 3, 3), (101, 4, 3), (101, 5, 4), (101, 6, 4), (101, 7, 4), (101, 8, 3);
INSERT INTO reviews (id, date_created, product_id, status) VALUES(102, '2024-11-20 11:09:26', 6, 'ACTIVE');
INSERT INTO review_ratings (review_id, criterion_id, rating) VALUES (102, 1, 3), (102, 2, 2), (102, 3, 4), (102, 4, 3), (102, 5, 4), (102, 6, 3), (102, 7, 3), (102, 8, 4);
INSERT INTO reviews (id, date_created, product_id, status) VALUES(103, '2025-07-13 09:53:26', 7, 'ACTIVE');
INSERT INTO review_ratings (review_id, criterion_id, rating) VALUES (103, 1, 4), (103, 2, 3), (103, 3, 3), (103, 4, 3), (103, 5, 3), (103, 6, 4), (103, 7, 3), (103, 8, 4);
INSERT INTO reviews (id, date_created, product_id, status) VALUES(104, '2024-12-14 18:52:26', 7, 'ACTIVE');
INSERT INTO review_ratings (review_id, criterion_id, rating) VALUES (104, 1, 5), (104, 2, 4), (104, 3, 4), (104, 4, 3), (104, 5, 4), (104, 6, 4), (104, 7, 3), (104, 8, 4);
INSERT INTO reviews (id, date_created, product_id, status) VALUES(105, '2025-10-26 08:40:26', 7, 'ACTIVE');
INSERT INTO review_ratings (review_id, criterion_id, rating) VALUES (105, 1, 3), (105, 2, 3), (105, 3, 3), (105, 4, 2), (105, 5, 4), (105, 6, 4), (105, 7, 3), (105, 8, 4);
INSERT INTO reviews (id, date_created, product_id, status) VALUES(106, '2025-08-10 03:16:26', 7, 'ACTIVE');
INSERT INTO review_ratings (review_id, criterion_id, rating) VALUES (106, 1, 4), (106, 2, 2), (106, 3, 4), (106, 4, 4), (106, 5, 4), (106, 6, 4), (106, 7, 3), (106, 8, 3);
INSERT INTO reviews (id, date_created, product_id, status) VALUES(107, '2024-11-25 01:04:26', 7, 'ACTIVE');
INSERT INTO review_ratings (review_id, criterion_id, rating) VALUES (107, 1, 3), (107, 2, 4), (107, 3, 3), (107, 4, 3), (107, 5, 4), (107, 6, 4), (107, 7, 3), (107, 8, 3);
INSERT INTO reviews (id, date_created, product_id, status) VALUES(108, '2025-05-25 13:21:26', 7, 'ACTIVE');
INSERT INTO review_ratings (review_id, criterion_id, rating) VALUES (108, 1, 3), (108, 2, 3), (108, 3, 3), (108, 4, 4), (108, 5, 4), (108, 6, 4), (108, 7, 3), (108, 8, 4);
INSERT INTO reviews (id, date_created, product_id, status) VALUES(109, '2025-03-23 09:27:26', 7, 'ACTIVE');
INSERT INTO review_ratings (review_id, criterion_id, rating) VALUES (109, 1, 3), (109, 2, 3), (109, 3, 4), (109, 4, 3), (109, 5, 5), (109, 6, 4), (109, 7, 4), (109, 8, 4);
INSERT INTO reviews (id, date_created, product_id, status) VALUES(110, '2025-09-20 03:59:26', 7, 'ACTIVE');
INSERT INTO review_ratings (review_id, criterion_id, rating) VALUES (110, 1, 3), (110, 2, 4), (110, 3, 3), (110, 4, 4), (110, 5, 4), (110, 6, 3), (110, 7, 4), (110, 8, 3);
INSERT INTO reviews (id, date_created, product_id, status) VALUES(111, '2024-11-10 03:30:26', 7, 'ACTIVE');
INSERT INTO review_ratings (review_id, criterion_id, rating) VALUES (111, 1, 4), (111, 2, 4), (111, 3, 3), (111, 4, 4), (111, 5, 4), (111, 6, 3), (111, 7, 4), (111, 8, 5);
INSERT INTO reviews (id, date_created, product_id, status) VALUES(112, '2025-09-19 21:55:26', 7, 'ACTIVE');
INSERT INTO review_ratings (review_id, criterion_id, rating) VALUES (112, 1, 2), (112, 2, 3), (112, 3, 3), (112, 4, 4), (112, 5, 4), (112, 6, 2), (112, 7, 4), (112, 8, 4);
INSERT INTO reviews (id, date_created, product_id, status) VALUES(113, '2025-07-20 08:57:26', 7, 'ACTIVE');
INSERT INTO review_ratings (review_id, criterion_id, rating) VALUES (113, 1, 4), (113, 2, 3), (113, 3, 4), (113, 4, 3), (113, 5, 3), (113, 6, 4), (113, 7, 3), (113, 8, 3);
INSERT INTO reviews (id, date_created, product_id, status) VALUES(114, '2025-01-12 17:55:26', 7, 'ACTIVE');
INSERT INTO review_ratings (review_id, criterion_id, rating) VALUES (114, 1, 3), (114, 2, 5), (114, 3, 3), (114, 4, 4), (114, 5, 3), (114, 6, 4), (114, 7, 4), (114, 8, 3);
INSERT INTO reviews (id, date_created, product_id, status) VALUES(115, '2025-05-01 22:31:26', 7, 'ACTIVE');
INSERT INTO review_ratings (review_id, criterion_id, rating) VALUES (115, 1, 3), (115, 2, 4), (115, 3, 4), (115, 4, 3), (115, 5, 4), (115, 6, 3), (115, 7, 3), (115, 8, 3);
INSERT INTO reviews (id, date_created, product_id, status) VALUES(116, '2025-03-06 20:00:26', 7, 'ACTIVE');
INSERT INTO review_ratings (review_id, criterion_id, rating) VALUES (116, 1, 3), (116, 2, 3), (116, 3, 4), (116, 4, 3), (116, 5, 4), (116, 6, 4), (116, 7, 2), (116, 8, 3);
INSERT INTO reviews (id, date_created, product_id, status) VALUES(117, '2025-03-13 10:44:26', 7, 'ACTIVE');
INSERT INTO review_ratings (review_id, criterion_id, rating) VALUES (117, 1, 3), (117, 2, 5), (117, 3, 3), (117, 4, 3), (117, 5, 4), (117, 6, 4), (117, 7, 3), (117, 8, 4);
INSERT INTO reviews (id, date_created, product_id, status) VALUES(118, '2025-08-09 03:12:26', 7, 'ACTIVE');
INSERT INTO review_ratings (review_id, criterion_id, rating) VALUES (118, 1, 3), (118, 2, 4), (118, 3, 3), (118, 4, 3), (118, 5, 3), (118, 6, 3), (118, 7, 3), (118, 8, 4);
INSERT INTO reviews (id, date_created, product_id, status) VALUES(119, '2025-04-15 05:19:26', 7, 'ACTIVE');
INSERT INTO review_ratings (review_id, criterion_id, rating) VALUES (119, 1, 3), (119, 2, 2), (119, 3, 4), (119, 4, 3), (119, 5, 3), (119, 6, 3), (119, 7, 3), (119, 8, 5);
INSERT INTO reviews (id, date_created, product_id, status) VALUES(120, '2024-11-05 17:10:26', 8, 'ACTIVE');
INSERT INTO review_ratings (review_id, criterion_id, rating) VALUES (120, 1, 5), (120, 2, 2), (120, 3, 4), (120, 4, 4), (120, 5, 4), (120, 6, 5), (120, 9, 4), (120, 10, 2);
INSERT INTO reviews (id, date_created, product_id, status) VALUES(121, '2024-11-12 22:30:26', 8, 'ACTIVE');
INSERT INTO review_ratings (review_id, criterion_id, rating) VALUES (121, 1, 4), (121, 2, 3), (121, 3, 5), (121, 4, 5), (121, 5, 4), (121, 6, 5), (121, 9, 4), (121, 10, 4);
INSERT INTO reviews (id, date_created, product_id, status) VALUES(122, '2025-08-20 10:31:26', 8, 'ACTIVE');
INSERT INTO review_ratings (review_id, criterion_id, rating) VALUES (122, 1, 5), (122, 2, 2), (122, 3, 4), (122, 4, 5), (122, 5, 3), (122, 6, 5), (122, 9, 5), (122, 10, 3);
INSERT INTO reviews (id, date_created, product_id, status) VALUES(123, '2024-12-28 02:26:26', 8, 'ACTIVE');
INSERT INTO review_ratings (review_id, criterion_id, rating) VALUES (123, 1, 5), (123, 2, 2), (123, 3, 5), (123, 4, 4), (123, 5, 3), (123, 6, 5), (123, 9, 5), (123, 10, 4);
INSERT INTO reviews (id, date_created, product_id, status) VALUES(124, '2025-03-15 19:17:26', 8, 'ACTIVE');
INSERT INTO review_ratings (review_id, criterion_id, rating) VALUES (124, 1, 5), (124, 2, 2), (124, 3, 5), (124, 4, 5), (124, 5, 4), (124, 6, 4), (124, 9, 5), (124, 10, 5);
INSERT INTO reviews (id, date_created, product_id, status) VALUES(125, '2025-01-10 00:06:26', 8, 'ACTIVE');
INSERT INTO review_ratings (review_id, criterion_id, rating) VALUES (125, 1, 5), (125, 2, 2), (125, 3, 5), (125, 4, 5), (125, 5, 4), (125, 6, 5), (125, 9, 5), (125, 10, 4);
INSERT INTO reviews (id, date_created, product_id, status) VALUES(126, '2025-02-25 03:00:26', 8, 'ACTIVE');
INSERT INTO review_ratings (review_id, criterion_id, rating) VALUES (126, 1, 5), (126, 2, 2), (126, 3, 5), (126, 4, 5), (126, 5, 4), (126, 6, 5), (126, 9, 3), (126, 10, 4);
INSERT INTO reviews (id, date_created, product_id, status) VALUES(127, '2025-09-13 06:43:26', 8, 'ACTIVE');
INSERT INTO review_ratings (review_id, criterion_id, rating) VALUES (127, 1, 5), (127, 2, 3), (127, 3, 5), (127, 4, 5), (127, 5, 4), (127, 6, 5), (127, 9, 5), (127, 10, 4);
INSERT INTO reviews (id, date_created, product_id, status) VALUES(128, '2025-09-08 15:54:26', 8, 'ACTIVE');
INSERT INTO review_ratings (review_id, criterion_id, rating) VALUES (128, 1, 5), (128, 2, 3), (128, 3, 5), (128, 4, 4), (128, 5, 4), (128, 6, 4), (128, 9, 4), (128, 10, 4);
INSERT INTO reviews (id, date_created, product_id, status) VALUES(129, '2025-09-19 14:19:26', 8, 'ACTIVE');
INSERT INTO review_ratings (review_id, criterion_id, rating) VALUES (129, 1, 5), (129, 2, 4), (129, 3, 4), (129, 4, 4), (129, 5, 4), (129, 6, 4), (129, 9, 5), (129, 10, 5);
INSERT INTO reviews (id, date_created, product_id, status) VALUES(130, '2024-12-05 19:06:26', 8, 'ACTIVE');
INSERT INTO review_ratings (review_id, criterion_id, rating) VALUES (130, 1, 5), (130, 2, 2), (130, 3, 4), (130, 4, 5), (130, 5, 3), (130, 6, 4), (130, 9, 5), (130, 10, 4);
INSERT INTO reviews (id, date_created, product_id, status) VALUES(131, '2025-05-02 06:59:26', 8, 'ACTIVE');
INSERT INTO review_ratings (review_id, criterion_id, rating) VALUES (131, 1, 5), (131, 2, 3), (131, 3, 5), (131, 4, 5), (131, 5, 3), (131, 6, 5), (131, 9, 5), (131, 10, 4);
INSERT INTO reviews (id, date_created, product_id, status) VALUES(132, '2025-04-12 23:33:26', 8, 'ACTIVE');
INSERT INTO review_ratings (review_id, criterion_id, rating) VALUES (132, 1, 5), (132, 2, 3), (132, 3, 5), (132, 4, 5), (132, 5, 3), (132, 6, 5), (132, 9, 4), (132, 10, 3);
INSERT INTO reviews (id, date_created, product_id, status) VALUES(133, '2025-05-12 10:33:26', 8, 'ACTIVE');
INSERT INTO review_ratings (review_id, criterion_id, rating) VALUES (133, 1, 4), (133, 2, 4), (133, 3, 5), (133, 4, 4), (133, 5, 5), (133, 6, 5), (133, 9, 5), (133, 10, 4);
INSERT INTO reviews (id, date_created, product_id, status) VALUES(134, '2025-03-09 13:17:26', 8, 'ACTIVE');
INSERT INTO review_ratings (review_id, criterion_id, rating) VALUES (134, 1, 5), (134, 2, 1), (134, 3, 5), (134, 4, 5), (134, 5, 3), (134, 6, 5), (134, 9, 5), (134, 10, 4);
INSERT INTO reviews (id, date_created, product_id, status) VALUES(135, '2024-12-02 08:17:26', 8, 'ACTIVE');
INSERT INTO review_ratings (review_id, criterion_id, rating) VALUES (135, 1, 5), (135, 2, 1), (135, 3, 5), (135, 4, 5), (135, 5, 3), (135, 6, 5), (135, 9, 5), (135, 10, 2);
INSERT INTO reviews (id, date_created, product_id, status) VALUES(136, '2025-04-15 04:24:26', 8, 'ACTIVE');
INSERT INTO review_ratings (review_id, criterion_id, rating) VALUES (136, 1, 3), (136, 2, 3), (136, 3, 4), (136, 4, 5), (136, 5, 4), (136, 6, 5), (136, 9, 4), (136, 10, 3);
INSERT INTO reviews (id, date_created, product_id, status) VALUES(137, '2025-01-23 05:15:26', 9, 'ACTIVE');
INSERT INTO review_ratings (review_id, criterion_id, rating) VALUES (137, 1, 4), (137, 2, 3), (137, 3, 4), (137, 4, 5), (137, 5, 4), (137, 6, 5), (137, 9, 4), (137, 10, 5);
INSERT INTO reviews (id, date_created, product_id, status) VALUES(138, '2025-05-01 19:08:26', 9, 'ACTIVE');
INSERT INTO review_ratings (review_id, criterion_id, rating) VALUES (138, 1, 5), (138, 2, 2), (138, 3, 5), (138, 4, 5), (138, 5, 3), (138, 6, 5), (138, 9, 4), (138, 10, 3);
INSERT INTO reviews (id, date_created, product_id, status) VALUES(139, '2025-08-16 18:52:26', 9, 'ACTIVE');
INSERT INTO review_ratings (review_id, criterion_id, rating) VALUES (139, 1, 5), (139, 2, 3), (139, 3, 5), (139, 4, 4), (139, 5, 3), (139, 6, 5), (139, 9, 4), (139, 10, 4);
INSERT INTO reviews (id, date_created, product_id, status) VALUES(140, '2025-04-23 03:07:26', 9, 'ACTIVE');
INSERT INTO review_ratings (review_id, criterion_id, rating) VALUES (140, 1, 4), (140, 2, 2), (140, 3, 4), (140, 4, 5), (140, 5, 4), (140, 6, 5), (140, 9, 5), (140, 10, 4);
INSERT INTO reviews (id, date_created, product_id, status) VALUES(141, '2025-04-13 21:28:26', 9, 'ACTIVE');
INSERT INTO review_ratings (review_id, criterion_id, rating) VALUES (141, 1, 4), (141, 2, 4), (141, 3, 5), (141, 4, 5), (141, 5, 4), (141, 6, 5), (141, 9, 5), (141, 10, 5);
INSERT INTO reviews (id, date_created, product_id, status) VALUES(142, '2025-03-12 08:38:26', 9, 'ACTIVE');
INSERT INTO review_ratings (review_id, criterion_id, rating) VALUES (142, 1, 5), (142, 2, 3), (142, 3, 5), (142, 4, 4), (142, 5, 3), (142, 6, 4), (142, 9, 4), (142, 10, 5);
INSERT INTO reviews (id, date_created, product_id, status) VALUES(143, '2025-05-29 08:50:26', 9, 'ACTIVE');
INSERT INTO review_ratings (review_id, criterion_id, rating) VALUES (143, 1, 4), (143, 2, 2), (143, 3, 4), (143, 4, 5), (143, 5, 5), (143, 6, 5), (143, 9, 5), (143, 10, 5);
INSERT INTO reviews (id, date_created, product_id, status) VALUES(144, '2025-04-27 20:59:26', 9, 'ACTIVE');
INSERT INTO review_ratings (review_id, criterion_id, rating) VALUES (144, 1, 5), (144, 2, 2), (144, 3, 5), (144, 4, 5), (144, 5, 3), (144, 6, 5), (144, 9, 5), (144, 10, 4);
INSERT INTO reviews (id, date_created, product_id, status) VALUES(145, '2025-04-02 20:31:26', 9, 'ACTIVE');
INSERT INTO review_ratings (review_id, criterion_id, rating) VALUES (145, 1, 4), (145, 2, 3), (145, 3, 4), (145, 4, 5), (145, 5, 5), (145, 6, 5), (145, 9, 4), (145, 10, 4);
INSERT INTO reviews (id, date_created, product_id, status) VALUES(146, '2025-08-24 01:03:26', 9, 'ACTIVE');
INSERT INTO review_ratings (review_id, criterion_id, rating) VALUES (146, 1, 5), (146, 2, 3), (146, 3, 5), (146, 4, 5), (146, 5, 3), (146, 6, 5), (146, 9, 4), (146, 10, 5);
INSERT INTO reviews (id, date_created, product_id, status) VALUES(147, '2025-06-06 12:19:26', 9, 'ACTIVE');
INSERT INTO review_ratings (review_id, criterion_id, rating) VALUES (147, 1, 5), (147, 2, 3), (147, 3, 4), (147, 4, 4), (147, 5, 5), (147, 6, 5), (147, 9, 4), (147, 10, 4);
INSERT INTO reviews (id, date_created, product_id, status) VALUES(148, '2025-08-02 16:56:26', 9, 'ACTIVE');
INSERT INTO review_ratings (review_id, criterion_id, rating) VALUES (148, 1, 3), (148, 2, 2), (148, 3, 4), (148, 4, 4), (148, 5, 4), (148, 6, 5), (148, 9, 4), (148, 10, 4);
INSERT INTO reviews (id, date_created, product_id, status) VALUES(149, '2024-11-30 07:46:26', 9, 'ACTIVE');
INSERT INTO review_ratings (review_id, criterion_id, rating) VALUES (149, 1, 4), (149, 2, 3), (149, 3, 5), (149, 4, 4), (149, 5, 3), (149, 6, 5), (149, 9, 5), (149, 10, 5);
INSERT INTO reviews (id, date_created, product_id, status) VALUES(150, '2025-04-05 05:06:26', 9, 'ACTIVE');
INSERT INTO review_ratings (review_id, criterion_id, rating) VALUES (150, 1, 5), (150, 2, 3), (150, 3, 4), (150, 4, 5), (150, 5, 3), (150, 6, 5), (150, 9, 5), (150, 10, 4);
INSERT INTO reviews (id, date_created, product_id, status) VALUES(151, '2025-05-06 02:27:26', 9, 'ACTIVE');
INSERT INTO review_ratings (review_id, criterion_id, rating) VALUES (151, 1, 4), (151, 2, 3), (151, 3, 5), (151, 4, 5), (151, 5, 3), (151, 6, 5), (151, 9, 5), (151, 10, 5);
INSERT INTO reviews (id, date_created, product_id, status) VALUES(152, '2024-12-18 01:20:26', 9, 'ACTIVE');
INSERT INTO review_ratings (review_id, criterion_id, rating) VALUES (152, 1, 5), (152, 2, 2), (152, 3, 5), (152, 4, 4), (152, 5, 4), (152, 6, 5), (152, 9, 5), (152, 10, 5);
INSERT INTO reviews (id, date_created, product_id, status) VALUES(153, '2025-05-24 23:34:26', 9, 'ACTIVE');
INSERT INTO review_ratings (review_id, criterion_id, rating) VALUES (153, 1, 4), (153, 2, 3), (153, 3, 5), (153, 4, 5), (153, 5, 4), (153, 6, 5), (153, 9, 4), (153, 10, 4);
INSERT INTO reviews (id, date_created, product_id, status) VALUES(154, '2024-11-18 23:17:26', 10, 'ACTIVE');
INSERT INTO review_ratings (review_id, criterion_id, rating) VALUES (154, 1, 5), (154, 2, 3), (154, 3, 5), (154, 4, 4), (154, 5, 4), (154, 6, 4), (154, 9, 4), (154, 10, 5);
INSERT INTO reviews (id, date_created, product_id, status) VALUES(155, '2025-07-22 03:00:26', 10, 'ACTIVE');
INSERT INTO review_ratings (review_id, criterion_id, rating) VALUES (155, 1, 4), (155, 2, 4), (155, 3, 4), (155, 4, 4), (155, 5, 3), (155, 6, 4), (155, 9, 5), (155, 10, 4);
INSERT INTO reviews (id, date_created, product_id, status) VALUES(156, '2025-04-21 04:00:26', 10, 'ACTIVE');
INSERT INTO review_ratings (review_id, criterion_id, rating) VALUES (156, 1, 4), (156, 2, 3), (156, 3, 4), (156, 4, 4), (156, 5, 4), (156, 6, 5), (156, 9, 5), (156, 10, 5);
INSERT INTO reviews (id, date_created, product_id, status) VALUES(157, '2025-03-10 09:57:26', 10, 'ACTIVE');
INSERT INTO review_ratings (review_id, criterion_id, rating) VALUES (157, 1, 5), (157, 2, 5), (157, 3, 5), (157, 4, 5), (157, 5, 3), (157, 6, 4), (157, 9, 4), (157, 10, 3);
INSERT INTO reviews (id, date_created, product_id, status) VALUES(158, '2025-02-10 21:04:26', 10, 'ACTIVE');
INSERT INTO review_ratings (review_id, criterion_id, rating) VALUES (158, 1, 4), (158, 2, 5), (158, 3, 4), (158, 4, 5), (158, 5, 5), (158, 6, 5), (158, 9, 5), (158, 10, 3);
INSERT INTO reviews (id, date_created, product_id, status) VALUES(159, '2024-11-10 18:34:26', 10, 'ACTIVE');
INSERT INTO review_ratings (review_id, criterion_id, rating) VALUES (159, 1, 4), (159, 2, 5), (159, 3, 5), (159, 4, 4), (159, 5, 4), (159, 6, 5), (159, 9, 4), (159, 10, 4);
INSERT INTO reviews (id, date_created, product_id, status) VALUES(160, '2024-12-16 02:26:26', 10, 'ACTIVE');
INSERT INTO review_ratings (review_id, criterion_id, rating) VALUES (160, 1, 4), (160, 2, 5), (160, 3, 5), (160, 4, 4), (160, 5, 3), (160, 6, 5), (160, 9, 5), (160, 10, 4);
INSERT INTO reviews (id, date_created, product_id, status) VALUES(161, '2025-02-14 18:37:26', 10, 'ACTIVE');
INSERT INTO review_ratings (review_id, criterion_id, rating) VALUES (161, 1, 5), (161, 2, 2), (161, 3, 5), (161, 4, 4), (161, 5, 2), (161, 6, 4), (161, 9, 4), (161, 10, 4);
INSERT INTO reviews (id, date_created, product_id, status) VALUES(162, '2025-08-01 23:37:26', 10, 'ACTIVE');
INSERT INTO review_ratings (review_id, criterion_id, rating) VALUES (162, 1, 3), (162, 2, 3), (162, 3, 5), (162, 4, 4), (162, 5, 4), (162, 6, 4), (162, 9, 3), (162, 10, 4);
INSERT INTO reviews (id, date_created, product_id, status) VALUES(163, '2025-06-08 21:16:26', 10, 'ACTIVE');
INSERT INTO review_ratings (review_id, criterion_id, rating) VALUES (163, 1, 5), (163, 2, 3), (163, 3, 5), (163, 4, 5), (163, 5, 4), (163, 6, 4), (163, 9, 4), (163, 10, 5);
INSERT INTO reviews (id, date_created, product_id, status) VALUES(164, '2025-06-11 05:28:26', 10, 'ACTIVE');
INSERT INTO review_ratings (review_id, criterion_id, rating) VALUES (164, 1, 3), (164, 2, 3), (164, 3, 4), (164, 4, 5), (164, 5, 4), (164, 6, 4), (164, 9, 5), (164, 10, 5);
INSERT INTO reviews (id, date_created, product_id, status) VALUES(165, '2025-09-19 02:36:26', 10, 'ACTIVE');
INSERT INTO review_ratings (review_id, criterion_id, rating) VALUES (165, 1, 4), (165, 2, 4), (165, 3, 5), (165, 4, 5), (165, 5, 5), (165, 6, 4), (165, 9, 5), (165, 10, 5);
INSERT INTO reviews (id, date_created, product_id, status) VALUES(166, '2025-01-02 07:20:26', 10, 'ACTIVE');
INSERT INTO review_ratings (review_id, criterion_id, rating) VALUES (166, 1, 5), (166, 2, 3), (166, 3, 5), (166, 4, 4), (166, 5, 4), (166, 6, 5), (166, 9, 5), (166, 10, 4);
INSERT INTO reviews (id, date_created, product_id, status) VALUES(167, '2025-01-21 09:09:26', 10, 'ACTIVE');
INSERT INTO review_ratings (review_id, criterion_id, rating) VALUES (167, 1, 5), (167, 2, 3), (167, 3, 4), (167, 4, 3), (167, 5, 4), (167, 6, 5), (167, 9, 5), (167, 10, 4);
INSERT INTO reviews (id, date_created, product_id, status) VALUES(168, '2024-11-29 20:21:26', 10, 'ACTIVE');
INSERT INTO review_ratings (review_id, criterion_id, rating) VALUES (168, 1, 4), (168, 2, 2), (168, 3, 5), (168, 4, 4), (168, 5, 4), (168, 6, 5), (168, 9, 5), (168, 10, 3);
INSERT INTO reviews (id, date_created, product_id, status) VALUES(169, '2025-04-08 23:24:26', 10, 'ACTIVE');
INSERT INTO review_ratings (review_id, criterion_id, rating) VALUES (169, 1, 5), (169, 2, 3), (169, 3, 5), (169, 4, 4), (169, 5, 4), (169, 6, 5), (169, 9, 5), (169, 10, 4);
INSERT INTO reviews (id, date_created, product_id, status) VALUES(170, '2024-12-04 21:02:26', 10, 'ACTIVE');
INSERT INTO review_ratings (review_id, criterion_id, rating) VALUES (170, 1, 5), (170, 2, 3), (170, 3, 4), (170, 4, 4), (170, 5, 4), (170, 6, 5), (170, 9, 4), (170, 10, 4);
INSERT INTO reviews (id, date_created, product_id, status) VALUES(171, '2025-07-26 13:48:26', 11, 'ACTIVE');
INSERT INTO review_ratings (review_id, criterion_id, rating) VALUES (171, 1, 4), (171, 2, 5), (171, 3, 4), (171, 4, 5), (171, 5, 4), (171, 6, 4), (171, 9, 3), (171, 10, 4);
INSERT INTO reviews (id, date_created, product_id, status) VALUES(172, '2025-04-06 17:29:26', 11, 'ACTIVE');
INSERT INTO review_ratings (review_id, criterion_id, rating) VALUES (172, 1, 4), (172, 2, 5), (172, 3, 4), (172, 4, 5), (172, 5, 5), (172, 6, 5), (172, 9, 5), (172, 10, 4);
INSERT INTO reviews (id, date_created, product_id, status) VALUES(173, '2025-01-09 14:19:26', 11, 'ACTIVE');
INSERT INTO review_ratings (review_id, criterion_id, rating) VALUES (173, 1, 4), (173, 2, 4), (173, 3, 5), (173, 4, 5), (173, 5, 4), (173, 6, 5), (173, 9, 5), (173, 10, 3);
INSERT INTO reviews (id, date_created, product_id, status) VALUES(174, '2025-05-22 16:28:26', 11, 'ACTIVE');
INSERT INTO review_ratings (review_id, criterion_id, rating) VALUES (174, 1, 5), (174, 2, 4), (174, 3, 4), (174, 4, 5), (174, 5, 4), (174, 6, 5), (174, 9, 5), (174, 10, 4);
INSERT INTO reviews (id, date_created, product_id, status) VALUES(175, '2024-11-03 20:37:26', 11, 'ACTIVE');
INSERT INTO review_ratings (review_id, criterion_id, rating) VALUES (175, 1, 3), (175, 2, 4), (175, 3, 4), (175, 4, 5), (175, 5, 5), (175, 6, 3), (175, 9, 5), (175, 10, 4);
INSERT INTO reviews (id, date_created, product_id, status) VALUES(176, '2024-11-03 03:31:26', 11, 'ACTIVE');
INSERT INTO review_ratings (review_id, criterion_id, rating) VALUES (176, 1, 5), (176, 2, 5), (176, 3, 5), (176, 4, 5), (176, 5, 4), (176, 6, 5), (176, 9, 5), (176, 10, 3);
INSERT INTO reviews (id, date_created, product_id, status) VALUES(177, '2024-11-15 07:50:26', 11, 'ACTIVE');
INSERT INTO review_ratings (review_id, criterion_id, rating) VALUES (177, 1, 5), (177, 2, 5), (177, 3, 4), (177, 4, 4), (177, 5, 4), (177, 6, 5), (177, 9, 5), (177, 10, 4);
INSERT INTO reviews (id, date_created, product_id, status) VALUES(178, '2025-05-24 15:34:26', 11, 'ACTIVE');
INSERT INTO review_ratings (review_id, criterion_id, rating) VALUES (178, 1, 5), (178, 2, 3), (178, 3, 4), (178, 4, 5), (178, 5, 4), (178, 6, 5), (178, 9, 5), (178, 10, 4);
INSERT INTO reviews (id, date_created, product_id, status) VALUES(179, '2025-09-23 23:33:26', 11, 'ACTIVE');
INSERT INTO review_ratings (review_id, criterion_id, rating) VALUES (179, 1, 4), (179, 2, 5), (179, 3, 4), (179, 4, 4), (179, 5, 5), (179, 6, 4), (179, 9, 5), (179, 10, 3);
INSERT INTO reviews (id, date_created, product_id, status) VALUES(180, '2025-04-19 02:30:26', 11, 'ACTIVE');
INSERT INTO review_ratings (review_id, criterion_id, rating) VALUES (180, 1, 4), (180, 2, 4), (180, 3, 4), (180, 4, 4), (180, 5, 5), (180, 6, 5), (180, 9, 3), (180, 10, 4);
INSERT INTO reviews (id, date_created, product_id, status) VALUES(181, '2025-07-07 13:47:26', 11, 'REJECTED');
INSERT INTO review_ratings (review_id, criterion_id, rating) VALUES (181, 1, 4), (181, 2, 5), (181, 3, 3), (181, 4, 5), (181, 5, 5), (181, 6, 4), (181, 9, 4), (181, 10, 5);
INSERT INTO reviews (id, date_created, product_id, status) VALUES(182, '2025-09-02 12:44:26', 11, 'ACTIVE');
INSERT INTO review_ratings (review_id, criterion_id, rating) VALUES (182, 1, 3), (182, 2, 3), (182, 3, 5), (182, 4, 5), (182, 5, 5), (182, 6, 5), (182, 9, 3), (182, 10, 4);
INSERT INTO reviews (id, date_created, product_id, status) VALUES(183, '2025-10-05 06:48:26', 11, 'ACTIVE');
INSERT INTO review_ratings (review_id, criterion_id, rating) VALUES (183, 1, 3), (183, 2, 5), (183, 3, 4), (183, 4, 4), (183, 5, 5), (183, 6, 5), (183, 9, 4), (183, 10, 5);
INSERT INTO reviews (id, date_created, product_id, status) VALUES(184, '2025-01-08 03:59:26', 11, 'ACTIVE');
INSERT INTO review_ratings (review_id, criterion_id, rating) VALUES (184, 1, 4), (184, 2, 4), (184, 3, 4), (184, 4, 5), (184, 5, 4), (184, 6, 4), (184, 9, 4), (184, 10, 4);
INSERT INTO reviews (id, date_created, product_id, status) VALUES(185, '2024-12-30 14:37:26', 11, 'ACTIVE');
INSERT INTO review_ratings (review_id, criterion_id, rating) VALUES (185, 1, 4), (185, 2, 4), (185, 3, 5), (185, 4, 5), (185, 5, 4), (185, 6, 4), (185, 9, 3), (185, 10, 4);
INSERT INTO reviews (id, date_created, product_id, status) VALUES(186, '2025-04-03 10:16:26', 11, 'ACTIVE');
INSERT INTO review_ratings (review_id, criterion_id, rating) VALUES (186, 1, 4), (186, 2, 4), (186, 3, 4), (186, 4, 4), (186, 5, 4), (186, 6, 4), (186, 9, 5), (186, 10, 3);
INSERT INTO reviews (id, date_created, product_id, status) VALUES(187, '2025-03-29 21:02:26', 11, 'ACTIVE');
INSERT INTO review_ratings (review_id, criterion_id, rating) VALUES (187, 1, 4), (187, 2, 5), (187, 3, 3), (187, 4, 4), (187, 5, 5), (187, 6, 4), (187, 9, 4), (187, 10, 3);
INSERT INTO reviews (id, date_created, product_id, status) VALUES(188, '2025-06-14 01:52:26', 12, 'ACTIVE');
INSERT INTO review_ratings (review_id, criterion_id, rating) VALUES (188, 1, 4), (188, 2, 4), (188, 3, 4), (188, 4, 3), (188, 5, 3), (188, 6, 3), (188, 9, 4), (188, 10, 5);
INSERT INTO reviews (id, date_created, product_id, status) VALUES(189, '2025-05-27 14:22:26', 12, 'ACTIVE');
INSERT INTO review_ratings (review_id, criterion_id, rating) VALUES (189, 1, 4), (189, 2, 3), (189, 3, 4), (189, 4, 3), (189, 5, 4), (189, 6, 4), (189, 9, 4), (189, 10, 5);
INSERT INTO reviews (id, date_created, product_id, status) VALUES(190, '2025-01-20 03:46:26', 12, 'ACTIVE');
INSERT INTO review_ratings (review_id, criterion_id, rating) VALUES (190, 1, 3), (190, 2, 4), (190, 3, 3), (190, 4, 4), (190, 5, 4), (190, 6, 3), (190, 9, 4), (190, 10, 2);
INSERT INTO reviews (id, date_created, product_id, status) VALUES(191, '2025-05-19 08:12:26', 12, 'ACTIVE');
INSERT INTO review_ratings (review_id, criterion_id, rating) VALUES (191, 1, 5), (191, 2, 4), (191, 3, 3), (191, 4, 3), (191, 5, 3), (191, 6, 3), (191, 9, 3), (191, 10, 3);
INSERT INTO reviews (id, date_created, product_id, status) VALUES(192, '2025-07-21 04:21:26', 12, 'ACTIVE');
INSERT INTO review_ratings (review_id, criterion_id, rating) VALUES (192, 1, 4), (192, 2, 3), (192, 3, 3), (192, 4, 3), (192, 5, 3), (192, 6, 5), (192, 9, 5), (192, 10, 3);
INSERT INTO reviews (id, date_created, product_id, status) VALUES(193, '2025-02-20 00:25:26', 12, 'ACTIVE');
INSERT INTO review_ratings (review_id, criterion_id, rating) VALUES (193, 1, 3), (193, 2, 4), (193, 3, 3), (193, 4, 3), (193, 5, 5), (193, 6, 2), (193, 9, 4), (193, 10, 3);
INSERT INTO reviews (id, date_created, product_id, status) VALUES(194, '2025-09-20 17:32:26', 12, 'ACTIVE');
INSERT INTO review_ratings (review_id, criterion_id, rating) VALUES (194, 1, 3), (194, 2, 4), (194, 3, 4), (194, 4, 4), (194, 5, 4), (194, 6, 4), (194, 9, 3), (194, 10, 4);
INSERT INTO reviews (id, date_created, product_id, status) VALUES(195, '2024-11-21 18:37:26', 12, 'ACTIVE');
INSERT INTO review_ratings (review_id, criterion_id, rating) VALUES (195, 1, 3), (195, 2, 4), (195, 3, 3), (195, 4, 3), (195, 5, 3), (195, 6, 3), (195, 9, 4), (195, 10, 3);
INSERT INTO reviews (id, date_created, product_id, status) VALUES(196, '2024-11-05 17:08:26', 12, 'ACTIVE');
INSERT INTO review_ratings (review_id, criterion_id, rating) VALUES (196, 1, 4), (196, 2, 3), (196, 3, 4), (196, 4, 4), (196, 5, 4), (196, 6, 4), (196, 9, 4), (196, 10, 3);
INSERT INTO reviews (id, date_created, product_id, status) VALUES(197, '2025-04-09 12:12:26', 12, 'ACTIVE');
INSERT INTO review_ratings (review_id, criterion_id, rating) VALUES (197, 1, 3), (197, 2, 4), (197, 3, 3), (197, 4, 3), (197, 5, 4), (197, 6, 3), (197, 9, 5), (197, 10, 3);
INSERT INTO reviews (id, date_created, product_id, status) VALUES(198, '2025-10-13 12:10:26', 12, 'ACTIVE');
INSERT INTO review_ratings (review_id, criterion_id, rating) VALUES (198, 1, 3), (198, 2, 3), (198, 3, 4), (198, 4, 4), (198, 5, 3), (198, 6, 4), (198, 9, 4), (198, 10, 2);
INSERT INTO reviews (id, date_created, product_id, status) VALUES(199, '2025-09-10 21:37:26', 12, 'ACTIVE');
INSERT INTO review_ratings (review_id, criterion_id, rating) VALUES (199, 1, 4), (199, 2, 5), (199, 3, 4), (199, 4, 3), (199, 5, 4), (199, 6, 4), (199, 9, 5), (199, 10, 3);
INSERT INTO reviews (id, date_created, product_id, status) VALUES(200, '2025-01-13 17:33:26', 12, 'ACTIVE');
INSERT INTO review_ratings (review_id, criterion_id, rating) VALUES (200, 1, 4), (200, 2, 3), (200, 3, 4), (200, 4, 4), (200, 5, 4), (200, 6, 2), (200, 9, 4), (200, 10, 3);
INSERT INTO reviews (id, date_created, product_id, status) VALUES(201, '2025-01-14 06:59:26', 12, 'ACTIVE');
INSERT INTO review_ratings (review_id, criterion_id, rating) VALUES (201, 1, 3), (201, 2, 5), (201, 3, 3), (201, 4, 4), (201, 5, 5), (201, 6, 5), (201, 9, 3), (201, 10, 3);
INSERT INTO reviews (id, date_created, product_id, status) VALUES(202, '2025-05-05 13:29:26', 12, 'ACTIVE');
INSERT INTO review_ratings (review_id, criterion_id, rating) VALUES (202, 1, 4), (202, 2, 3), (202, 3, 4), (202, 4, 2), (202, 5, 3), (202, 6, 4), (202, 9, 4), (202, 10, 4);
INSERT INTO reviews (id, date_created, product_id, status) VALUES(203, '2025-03-12 23:21:26', 12, 'ACTIVE');
INSERT INTO review_ratings (review_id, criterion_id, rating) VALUES (203, 1, 4), (203, 2, 3), (203, 3, 3), (203, 4, 3), (203, 5, 4), (203, 6, 4), (203, 9, 4), (203, 10, 2);
INSERT INTO reviews (id, date_created, product_id, status) VALUES(204, '2025-09-17 06:26:26', 12, 'ACTIVE');
INSERT INTO review_ratings (review_id, criterion_id, rating) VALUES (204, 1, 4), (204, 2, 3), (204, 3, 3), (204, 4, 4), (204, 5, 5), (204, 6, 4), (204, 9, 2), (204, 10, 4);
INSERT INTO reviews (id, date_created, product_id, status) VALUES(205, '2025-09-07 10:30:26', 13, 'ACTIVE');
INSERT INTO review_ratings (review_id, criterion_id, rating) VALUES (205, 1, 3), (205, 2, 4), (205, 3, 3), (205, 4, 4), (205, 5, 3), (205, 6, 4), (205, 9, 3), (205, 10, 3);
INSERT INTO reviews (id, date_created, product_id, status) VALUES(206, '2025-04-15 14:17:26', 13, 'ACTIVE');
INSERT INTO review_ratings (review_id, criterion_id, rating) VALUES (206, 1, 4), (206, 2, 2), (206, 3, 2), (206, 4, 3), (206, 5, 4), (206, 6, 4), (206, 9, 3), (206, 10, 3);
INSERT INTO reviews (id, date_created, product_id, status) VALUES(207, '2025-06-14 05:18:26', 13, 'ACTIVE');
INSERT INTO review_ratings (review_id, criterion_id, rating) VALUES (207, 1, 4), (207, 2, 4), (207, 3, 3), (207, 4, 4), (207, 5, 4), (207, 6, 4), (207, 9, 4), (207, 10, 5);
INSERT INTO reviews (id, date_created, product_id, status) VALUES(208, '2024-12-28 19:23:26', 13, 'ACTIVE');
INSERT INTO review_ratings (review_id, criterion_id, rating) VALUES (208, 1, 4), (208, 2, 4), (208, 3, 3), (208, 4, 4), (208, 5, 3), (208, 6, 4), (208, 9, 3), (208, 10, 4);
INSERT INTO reviews (id, date_created, product_id, status) VALUES(209, '2024-11-29 19:27:26', 13, 'ACTIVE');
INSERT INTO review_ratings (review_id, criterion_id, rating) VALUES (209, 1, 3), (209, 2, 3), (209, 3, 3), (209, 4, 4), (209, 5, 3), (209, 6, 4), (209, 9, 3), (209, 10, 2);
INSERT INTO reviews (id, date_created, product_id, status) VALUES(210, '2025-01-08 07:15:26', 13, 'ACTIVE');
INSERT INTO review_ratings (review_id, criterion_id, rating) VALUES (210, 1, 4), (210, 2, 3), (210, 3, 4), (210, 4, 4), (210, 5, 3), (210, 6, 3), (210, 9, 3), (210, 10, 3);
INSERT INTO reviews (id, date_created, product_id, status) VALUES(211, '2025-03-06 16:22:26', 13, 'ACTIVE');
INSERT INTO review_ratings (review_id, criterion_id, rating) VALUES (211, 1, 3), (211, 2, 5), (211, 3, 4), (211, 4, 3), (211, 5, 3), (211, 6, 4), (211, 9, 3), (211, 10, 3);
INSERT INTO reviews (id, date_created, product_id, status) VALUES(212, '2024-11-26 09:50:26', 13, 'ACTIVE');
INSERT INTO review_ratings (review_id, criterion_id, rating) VALUES (212, 1, 3), (212, 2, 4), (212, 3, 3), (212, 4, 3), (212, 5, 2), (212, 6, 3), (212, 9, 4), (212, 10, 3);
INSERT INTO reviews (id, date_created, product_id, status) VALUES(213, '2025-10-11 02:51:26', 13, 'ACTIVE');
INSERT INTO review_ratings (review_id, criterion_id, rating) VALUES (213, 1, 3), (213, 2, 3), (213, 3, 4), (213, 4, 4), (213, 5, 3), (213, 6, 3), (213, 9, 3), (213, 10, 3);
INSERT INTO reviews (id, date_created, product_id, status) VALUES(214, '2024-12-02 16:54:26', 13, 'ACTIVE');
INSERT INTO review_ratings (review_id, criterion_id, rating) VALUES (214, 1, 4), (214, 2, 1), (214, 3, 3), (214, 4, 4), (214, 5, 3), (214, 6, 4), (214, 9, 2), (214, 10, 3);
INSERT INTO reviews (id, date_created, product_id, status) VALUES(215, '2025-01-08 07:07:26', 13, 'ACTIVE');
INSERT INTO review_ratings (review_id, criterion_id, rating) VALUES (215, 1, 3), (215, 2, 4), (215, 3, 3), (215, 4, 3), (215, 5, 4), (215, 6, 3), (215, 9, 3), (215, 10, 5);
INSERT INTO reviews (id, date_created, product_id, status) VALUES(216, '2025-09-16 10:42:26', 13, 'ACTIVE');
INSERT INTO review_ratings (review_id, criterion_id, rating) VALUES (216, 1, 4), (216, 2, 4), (216, 3, 3), (216, 4, 4), (216, 5, 3), (216, 6, 4), (216, 9, 2), (216, 10, 4);
INSERT INTO reviews (id, date_created, product_id, status) VALUES(217, '2025-05-19 12:16:26', 13, 'ACTIVE');
INSERT INTO review_ratings (review_id, criterion_id, rating) VALUES (217, 1, 3), (217, 2, 3), (217, 3, 3), (217, 4, 4), (217, 5, 4), (217, 6, 2), (217, 9, 3), (217, 10, 3);
INSERT INTO reviews (id, date_created, product_id, status) VALUES(218, '2025-01-20 09:14:26', 13, 'ACTIVE');
INSERT INTO review_ratings (review_id, criterion_id, rating) VALUES (218, 1, 4), (218, 2, 3), (218, 3, 3), (218, 4, 4), (218, 5, 3), (218, 6, 3), (218, 9, 5), (218, 10, 4);
INSERT INTO reviews (id, date_created, product_id, status) VALUES(219, '2025-07-19 23:58:26', 13, 'ACTIVE');
INSERT INTO review_ratings (review_id, criterion_id, rating) VALUES (219, 1, 4), (219, 2, 4), (219, 3, 3), (219, 4, 4), (219, 5, 4), (219, 6, 3), (219, 9, 4), (219, 10, 3);
INSERT INTO reviews (id, date_created, product_id, status) VALUES(220, '2025-04-25 04:23:26', 13, 'ACTIVE');
INSERT INTO review_ratings (review_id, criterion_id, rating) VALUES (220, 1, 3), (220, 2, 5), (220, 3, 3), (220, 4, 3), (220, 5, 3), (220, 6, 3), (220, 9, 3), (220, 10, 3);
INSERT INTO reviews (id, date_created, product_id, status) VALUES(221, '2025-03-08 19:24:26', 13, 'ACTIVE');
INSERT INTO review_ratings (review_id, criterion_id, rating) VALUES (221, 1, 3), (221, 2, 3), (221, 3, 3), (221, 4, 3), (221, 5, 4), (221, 6, 4), (221, 9, 3), (221, 10, 4);
INSERT INTO reviews (id, date_created, product_id, status) VALUES(222, '2024-11-08 10:03:26', 14, 'ACTIVE');
INSERT INTO review_ratings (review_id, criterion_id, rating) VALUES (222, 1, 3), (222, 2, 3), (222, 3, 3), (222, 4, 4), (222, 5, 2), (222, 6, 3), (222, 9, 4), (222, 10, 3);
INSERT INTO reviews (id, date_created, product_id, status) VALUES(223, '2025-08-04 23:17:26', 14, 'ACTIVE');
INSERT INTO review_ratings (review_id, criterion_id, rating) VALUES (223, 1, 3), (223, 2, 4), (223, 3, 4), (223, 4, 4), (223, 5, 4), (223, 6, 4), (223, 9, 4), (223, 10, 2);
INSERT INTO reviews (id, date_created, product_id, status) VALUES(224, '2025-02-12 18:04:26', 14, 'ACTIVE');
INSERT INTO review_ratings (review_id, criterion_id, rating) VALUES (224, 1, 3), (224, 2, 4), (224, 3, 3), (224, 4, 4), (224, 5, 3), (224, 6, 3), (224, 9, 4), (224, 10, 4);
INSERT INTO reviews (id, date_created, product_id, status) VALUES(225, '2025-07-05 21:17:26', 14, 'ACTIVE');
INSERT INTO review_ratings (review_id, criterion_id, rating) VALUES (225, 1, 3), (225, 2, 4), (225, 3, 4), (225, 4, 3), (225, 5, 4), (225, 6, 4), (225, 9, 4), (225, 10, 2);
INSERT INTO reviews (id, date_created, product_id, status) VALUES(226, '2025-04-24 20:43:26', 14, 'ACTIVE');
INSERT INTO review_ratings (review_id, criterion_id, rating) VALUES (226, 1, 4), (226, 2, 3), (226, 3, 4), (226, 4, 4), (226, 5, 3), (226, 6, 3), (226, 9, 4), (226, 10, 5);
INSERT INTO reviews (id, date_created, product_id, status) VALUES(227, '2025-10-13 00:19:26', 14, 'ACTIVE');
INSERT INTO review_ratings (review_id, criterion_id, rating) VALUES (227, 1, 4), (227, 2, 3), (227, 3, 5), (227, 4, 3), (227, 5, 4), (227, 6, 5), (227, 9, 3), (227, 10, 3);
INSERT INTO reviews (id, date_created, product_id, status) VALUES(228, '2024-10-30 18:55:26', 14, 'ACTIVE');
INSERT INTO review_ratings (review_id, criterion_id, rating) VALUES (228, 1, 3), (228, 2, 3), (228, 3, 4), (228, 4, 2), (228, 5, 3), (228, 6, 3), (228, 9, 3), (228, 10, 3);
INSERT INTO reviews (id, date_created, product_id, status) VALUES(229, '2024-11-03 05:17:26', 14, 'ACTIVE');
INSERT INTO review_ratings (review_id, criterion_id, rating) VALUES (229, 1, 4), (229, 2, 3), (229, 3, 4), (229, 4, 3), (229, 5, 4), (229, 6, 4), (229, 9, 3), (229, 10, 4);
INSERT INTO reviews (id, date_created, product_id, status) VALUES(230, '2025-06-09 18:27:26', 14, 'ACTIVE');
INSERT INTO review_ratings (review_id, criterion_id, rating) VALUES (230, 1, 4), (230, 2, 4), (230, 3, 3), (230, 4, 4), (230, 5, 4), (230, 6, 3), (230, 9, 4), (230, 10, 4);
INSERT INTO reviews (id, date_created, product_id, status) VALUES(231, '2024-12-12 01:11:26', 14, 'ACTIVE');
INSERT INTO review_ratings (review_id, criterion_id, rating) VALUES (231, 1, 3), (231, 2, 2), (231, 3, 4), (231, 4, 4), (231, 5, 3), (231, 6, 5), (231, 9, 2), (231, 10, 5);
INSERT INTO reviews (id, date_created, product_id, status) VALUES(232, '2025-05-14 20:35:26', 14, 'ACTIVE');
INSERT INTO review_ratings (review_id, criterion_id, rating) VALUES (232, 1, 4), (232, 2, 3), (232, 3, 4), (232, 4, 3), (232, 5, 3), (232, 6, 2), (232, 9, 4), (232, 10, 3);
INSERT INTO reviews (id, date_created, product_id, status) VALUES(233, '2025-03-24 08:04:26', 14, 'ACTIVE');
INSERT INTO review_ratings (review_id, criterion_id, rating) VALUES (233, 1, 4), (233, 2, 3), (233, 3, 3), (233, 4, 3), (233, 5, 3), (233, 6, 4), (233, 9, 3), (233, 10, 3);
INSERT INTO reviews (id, date_created, product_id, status) VALUES(234, '2025-09-08 17:45:26', 14, 'ACTIVE');
INSERT INTO review_ratings (review_id, criterion_id, rating) VALUES (234, 1, 5), (234, 2, 4), (234, 3, 4), (234, 4, 4), (234, 5, 4), (234, 6, 3), (234, 9, 5), (234, 10, 3);
INSERT INTO reviews (id, date_created, product_id, status) VALUES(235, '2024-12-01 05:25:26', 14, 'ACTIVE');
INSERT INTO review_ratings (review_id, criterion_id, rating) VALUES (235, 1, 4), (235, 2, 3), (235, 3, 3), (235, 4, 4), (235, 5, 3), (235, 6, 3), (235, 9, 5), (235, 10, 4);
INSERT INTO reviews (id, date_created, product_id, status) VALUES(236, '2024-11-05 07:08:26', 14, 'ACTIVE');
INSERT INTO review_ratings (review_id, criterion_id, rating) VALUES (236, 1, 3), (236, 2, 3), (236, 3, 3), (236, 4, 4), (236, 5, 4), (236, 6, 4), (236, 9, 5), (236, 10, 4);
INSERT INTO reviews (id, date_created, product_id, status) VALUES(237, '2025-08-29 00:51:26', 14, 'ACTIVE');
INSERT INTO review_ratings (review_id, criterion_id, rating) VALUES (237, 1, 4), (237, 2, 4), (237, 3, 3), (237, 4, 3), (237, 5, 3), (237, 6, 5), (237, 9, 4), (237, 10, 5);
INSERT INTO reviews (id, date_created, product_id, status) VALUES(238, '2025-08-21 17:52:26', 14, 'ACTIVE');
INSERT INTO review_ratings (review_id, criterion_id, rating) VALUES (238, 1, 3), (238, 2, 3), (238, 3, 3), (238, 4, 3), (238, 5, 3), (238, 6, 3), (238, 9, 4), (238, 10, 4);
INSERT INTO reviews (id, date_created, product_id, status) VALUES(239, '2024-11-11 23:40:26', 15, 'ACTIVE');
INSERT INTO review_ratings (review_id, criterion_id, rating) VALUES (239, 1, 4), (239, 2, 3), (239, 3, 5), (239, 5, 5), (239, 11, 3), (239, 12, 5), (239, 13, 4);
INSERT INTO reviews (id, date_created, product_id, status) VALUES(240, '2024-12-03 12:20:26', 15, 'ACTIVE');
INSERT INTO review_ratings (review_id, criterion_id, rating) VALUES (240, 1, 4), (240, 2, 2), (240, 3, 4), (240, 5, 4), (240, 11, 3), (240, 12, 5), (240, 13, 3);
INSERT INTO reviews (id, date_created, product_id, status) VALUES(241, '2025-05-28 08:02:26', 15, 'ACTIVE');
INSERT INTO review_ratings (review_id, criterion_id, rating) VALUES (241, 1, 4), (241, 2, 4), (241, 3, 4), (241, 5, 3), (241, 11, 4), (241, 12, 4), (241, 13, 3);
INSERT INTO reviews (id, date_created, product_id, status) VALUES(242, '2024-12-06 19:31:26', 15, 'ACTIVE');
INSERT INTO review_ratings (review_id, criterion_id, rating) VALUES (242, 1, 4), (242, 2, 5), (242, 3, 4), (242, 5, 4), (242, 11, 4), (242, 12, 5), (242, 13, 3);
INSERT INTO reviews (id, date_created, product_id, status) VALUES(243, '2025-04-24 20:52:26', 15, 'ACTIVE');
INSERT INTO review_ratings (review_id, criterion_id, rating) VALUES (243, 1, 2), (243, 2, 3), (243, 3, 5), (243, 5, 4), (243, 11, 4), (243, 12, 5), (243, 13, 5);
INSERT INTO reviews (id, date_created, product_id, status) VALUES(244, '2025-04-08 22:17:26', 15, 'ACTIVE');
INSERT INTO review_ratings (review_id, criterion_id, rating) VALUES (244, 1, 3), (244, 2, 2), (244, 3, 5), (244, 5, 4), (244, 11, 3), (244, 12, 4), (244, 13, 4);
INSERT INTO reviews (id, date_created, product_id, status) VALUES(245, '2025-06-09 12:16:26', 15, 'ACTIVE');
INSERT INTO review_ratings (review_id, criterion_id, rating) VALUES (245, 1, 5), (245, 2, 2), (245, 3, 5), (245, 5, 4), (245, 11, 3), (245, 12, 4), (245, 13, 3);
INSERT INTO reviews (id, date_created, product_id, status) VALUES(246, '2025-05-23 16:08:26', 15, 'ACTIVE');
INSERT INTO review_ratings (review_id, criterion_id, rating) VALUES (246, 1, 3), (246, 2, 3), (246, 3, 4), (246, 5, 5), (246, 11, 4), (246, 12, 4), (246, 13, 4);
INSERT INTO reviews (id, date_created, product_id, status) VALUES(247, '2025-05-23 16:48:26', 15, 'ACTIVE');
INSERT INTO review_ratings (review_id, criterion_id, rating) VALUES (247, 1, 4), (247, 2, 3), (247, 3, 5), (247, 5, 4), (247, 11, 3), (247, 12, 5), (247, 13, 2);
INSERT INTO reviews (id, date_created, product_id, status) VALUES(248, '2025-06-19 09:12:26', 15, 'ACTIVE');
INSERT INTO review_ratings (review_id, criterion_id, rating) VALUES (248, 1, 4), (248, 2, 3), (248, 3, 4), (248, 5, 5), (248, 11, 3), (248, 12, 5), (248, 13, 4);
INSERT INTO reviews (id, date_created, product_id, status) VALUES(249, '2025-06-11 22:31:26', 15, 'ACTIVE');
INSERT INTO review_ratings (review_id, criterion_id, rating) VALUES (249, 1, 5), (249, 2, 3), (249, 3, 4), (249, 5, 4), (249, 11, 5), (249, 12, 5), (249, 13, 4);
INSERT INTO reviews (id, date_created, product_id, status) VALUES(250, '2025-09-06 19:52:26', 15, 'ACTIVE');
INSERT INTO review_ratings (review_id, criterion_id, rating) VALUES (250, 1, 4), (250, 2, 3), (250, 3, 5), (250, 5, 5), (250, 11, 4), (250, 12, 5), (250, 13, 5);
INSERT INTO reviews (id, date_created, product_id, status) VALUES(251, '2025-04-16 10:24:26', 15, 'ACTIVE');
INSERT INTO review_ratings (review_id, criterion_id, rating) VALUES (251, 1, 4), (251, 2, 2), (251, 3, 5), (251, 5, 3), (251, 11, 3), (251, 12, 5), (251, 13, 3);
INSERT INTO reviews (id, date_created, product_id, status) VALUES(252, '2025-06-13 11:59:26', 15, 'ACTIVE');
INSERT INTO review_ratings (review_id, criterion_id, rating) VALUES (252, 1, 4), (252, 2, 1), (252, 3, 5), (252, 5, 4), (252, 11, 5), (252, 12, 5), (252, 13, 4);
INSERT INTO reviews (id, date_created, product_id, status) VALUES(253, '2025-09-23 23:40:26', 15, 'ACTIVE');
INSERT INTO review_ratings (review_id, criterion_id, rating) VALUES (253, 1, 4), (253, 2, 2), (253, 3, 5), (253, 5, 4), (253, 11, 4), (253, 12, 5), (253, 13, 4);
INSERT INTO reviews (id, date_created, product_id, status) VALUES(254, '2025-03-06 02:58:26', 15, 'ACTIVE');
INSERT INTO review_ratings (review_id, criterion_id, rating) VALUES (254, 1, 5), (254, 2, 4), (254, 3, 5), (254, 5, 4), (254, 11, 3), (254, 12, 5), (254, 13, 3);
INSERT INTO reviews (id, date_created, product_id, status) VALUES(255, '2025-04-03 14:21:26', 15, 'ACTIVE');
INSERT INTO review_ratings (review_id, criterion_id, rating) VALUES (255, 1, 3), (255, 2, 2), (255, 3, 5), (255, 5, 4), (255, 11, 4), (255, 12, 4), (255, 13, 4);
INSERT INTO reviews (id, date_created, product_id, status) VALUES(256, '2025-07-15 22:20:26', 16, 'ACTIVE');
INSERT INTO review_ratings (review_id, criterion_id, rating) VALUES (256, 1, 3), (256, 2, 5), (256, 3, 4), (256, 5, 5), (256, 11, 5), (256, 12, 5), (256, 13, 4);
INSERT INTO reviews (id, date_created, product_id, status) VALUES(257, '2025-02-05 00:51:26', 16, 'ACTIVE');
INSERT INTO review_ratings (review_id, criterion_id, rating) VALUES (257, 1, 2), (257, 2, 4), (257, 3, 4), (257, 5, 5), (257, 11, 4), (257, 12, 4), (257, 13, 3);
INSERT INTO reviews (id, date_created, product_id, status) VALUES(258, '2024-11-24 10:20:26', 16, 'ACTIVE');
INSERT INTO review_ratings (review_id, criterion_id, rating) VALUES (258, 1, 3), (258, 2, 5), (258, 3, 4), (258, 5, 4), (258, 11, 5), (258, 12, 4), (258, 13, 4);
INSERT INTO reviews (id, date_created, product_id, status) VALUES(259, '2025-07-02 12:23:26', 16, 'ACTIVE');
INSERT INTO review_ratings (review_id, criterion_id, rating) VALUES (259, 1, 3), (259, 2, 3), (259, 3, 5), (259, 5, 5), (259, 11, 5), (259, 12, 5), (259, 13, 3);
INSERT INTO reviews (id, date_created, product_id, status) VALUES(260, '2025-03-12 05:06:26', 16, 'ACTIVE');
INSERT INTO review_ratings (review_id, criterion_id, rating) VALUES (260, 1, 4), (260, 2, 4), (260, 3, 5), (260, 5, 4), (260, 11, 4), (260, 12, 5), (260, 13, 3);
INSERT INTO reviews (id, date_created, product_id, status) VALUES(261, '2025-05-15 10:30:26', 16, 'ACTIVE');
INSERT INTO review_ratings (review_id, criterion_id, rating) VALUES (261, 1, 4), (261, 2, 4), (261, 3, 5), (261, 5, 5), (261, 11, 5), (261, 12, 4), (261, 13, 5);
INSERT INTO reviews (id, date_created, product_id, status) VALUES(262, '2025-01-17 15:00:26', 16, 'ACTIVE');
INSERT INTO review_ratings (review_id, criterion_id, rating) VALUES (262, 1, 3), (262, 2, 2), (262, 3, 5), (262, 5, 5), (262, 11, 5), (262, 12, 5), (262, 13, 2);
INSERT INTO reviews (id, date_created, product_id, status) VALUES(263, '2025-08-24 07:43:26', 16, 'ACTIVE');
INSERT INTO review_ratings (review_id, criterion_id, rating) VALUES (263, 1, 3), (263, 2, 2), (263, 3, 5), (263, 5, 5), (263, 11, 5), (263, 12, 5), (263, 13, 4);
INSERT INTO reviews (id, date_created, product_id, status) VALUES(264, '2024-12-02 23:44:26', 16, 'ACTIVE');
INSERT INTO review_ratings (review_id, criterion_id, rating) VALUES (264, 1, 3), (264, 2, 5), (264, 3, 4), (264, 5, 5), (264, 11, 5), (264, 12, 4), (264, 13, 4);
INSERT INTO reviews (id, date_created, product_id, status) VALUES(265, '2025-01-09 00:43:26', 16, 'ACTIVE');
INSERT INTO review_ratings (review_id, criterion_id, rating) VALUES (265, 1, 3), (265, 2, 4), (265, 3, 4), (265, 5, 5), (265, 11, 5), (265, 12, 5), (265, 13, 3);
INSERT INTO reviews (id, date_created, product_id, status) VALUES(266, '2024-12-18 18:56:26', 16, 'ACTIVE');
INSERT INTO review_ratings (review_id, criterion_id, rating) VALUES (266, 1, 3), (266, 2, 4), (266, 3, 5), (266, 5, 5), (266, 11, 5), (266, 12, 5), (266, 13, 4);
INSERT INTO reviews (id, date_created, product_id, status) VALUES(267, '2025-07-18 17:39:26', 16, 'ACTIVE');
INSERT INTO review_ratings (review_id, criterion_id, rating) VALUES (267, 1, 3), (267, 2, 5), (267, 3, 5), (267, 5, 5), (267, 11, 4), (267, 12, 5), (267, 13, 2);
INSERT INTO reviews (id, date_created, product_id, status) VALUES(268, '2025-05-05 20:03:26', 16, 'ACTIVE');
INSERT INTO review_ratings (review_id, criterion_id, rating) VALUES (268, 1, 3), (268, 2, 4), (268, 3, 5), (268, 5, 5), (268, 11, 5), (268, 12, 5), (268, 13, 3);
INSERT INTO reviews (id, date_created, product_id, status) VALUES(269, '2025-03-01 22:13:26', 16, 'ACTIVE');
INSERT INTO review_ratings (review_id, criterion_id, rating) VALUES (269, 1, 5), (269, 2, 4), (269, 3, 5), (269, 5, 5), (269, 11, 5), (269, 12, 5), (269, 13, 4);
INSERT INTO reviews (id, date_created, product_id, status) VALUES(270, '2025-07-08 19:41:26', 16, 'ACTIVE');
INSERT INTO review_ratings (review_id, criterion_id, rating) VALUES (270, 1, 3), (270, 2, 2), (270, 3, 5), (270, 5, 5), (270, 11, 5), (270, 12, 5), (270, 13, 4);
INSERT INTO reviews (id, date_created, product_id, status) VALUES(271, '2024-11-06 02:37:26', 16, 'ACTIVE');
INSERT INTO review_ratings (review_id, criterion_id, rating) VALUES (271, 1, 3), (271, 2, 3), (271, 3, 4), (271, 5, 5), (271, 11, 5), (271, 12, 4), (271, 13, 4);
INSERT INTO reviews (id, date_created, product_id, status) VALUES(272, '2025-01-25 05:24:26', 16, 'ACTIVE');
INSERT INTO review_ratings (review_id, criterion_id, rating) VALUES (272, 1, 2), (272, 2, 4), (272, 3, 5), (272, 5, 5), (272, 11, 5), (272, 12, 5), (272, 13, 4);
INSERT INTO reviews (id, date_created, product_id, status) VALUES(273, '2025-07-18 10:14:26', 17, 'ACTIVE');
INSERT INTO review_ratings (review_id, criterion_id, rating) VALUES (273, 1, 5), (273, 2, 3), (273, 3, 3), (273, 5, 4), (273, 11, 2), (273, 12, 3), (273, 13, 4);
INSERT INTO reviews (id, date_created, product_id, status) VALUES(274, '2025-04-26 12:12:26', 17, 'ACTIVE');
INSERT INTO review_ratings (review_id, criterion_id, rating) VALUES (274, 1, 2), (274, 2, 3), (274, 3, 3), (274, 5, 3), (274, 11, 4), (274, 12, 4), (274, 13, 3);
INSERT INTO reviews (id, date_created, product_id, status) VALUES(275, '2025-03-19 18:04:26', 17, 'ACTIVE');
INSERT INTO review_ratings (review_id, criterion_id, rating) VALUES (275, 1, 4), (275, 2, 5), (275, 3, 3), (275, 5, 2), (275, 11, 4), (275, 12, 3), (275, 13, 3);
INSERT INTO reviews (id, date_created, product_id, status) VALUES(276, '2025-05-24 14:51:26', 17, 'ACTIVE');
INSERT INTO review_ratings (review_id, criterion_id, rating) VALUES (276, 1, 3), (276, 2, 4), (276, 3, 4), (276, 5, 3), (276, 11, 3), (276, 12, 4), (276, 13, 2);
INSERT INTO reviews (id, date_created, product_id, status) VALUES(277, '2025-01-12 13:24:26', 17, 'ACTIVE');
INSERT INTO review_ratings (review_id, criterion_id, rating) VALUES (277, 1, 5), (277, 2, 3), (277, 3, 4), (277, 5, 4), (277, 11, 4), (277, 12, 3), (277, 13, 3);
INSERT INTO reviews (id, date_created, product_id, status) VALUES(278, '2025-05-19 08:55:26', 17, 'ACTIVE');
INSERT INTO review_ratings (review_id, criterion_id, rating) VALUES (278, 1, 3), (278, 2, 5), (278, 3, 4), (278, 5, 3), (278, 11, 2), (278, 12, 3), (278, 13, 4);
INSERT INTO reviews (id, date_created, product_id, status) VALUES(279, '2025-06-23 16:31:26', 17, 'ACTIVE');
INSERT INTO review_ratings (review_id, criterion_id, rating) VALUES (279, 1, 4), (279, 2, 2), (279, 3, 4), (279, 5, 4), (279, 11, 3), (279, 12, 4), (279, 13, 2);
INSERT INTO reviews (id, date_created, product_id, status) VALUES(280, '2025-05-02 21:11:26', 17, 'ACTIVE');
INSERT INTO review_ratings (review_id, criterion_id, rating) VALUES (280, 1, 4), (280, 2, 2), (280, 3, 4), (280, 5, 3), (280, 11, 3), (280, 12, 4), (280, 13, 4);
INSERT INTO reviews (id, date_created, product_id, status) VALUES(281, '2025-10-12 05:34:26', 17, 'ACTIVE');
INSERT INTO review_ratings (review_id, criterion_id, rating) VALUES (281, 1, 4), (281, 2, 3), (281, 3, 4), (281, 5, 4), (281, 11, 3), (281, 12, 3), (281, 13, 4);
INSERT INTO reviews (id, date_created, product_id, status) VALUES(282, '2024-12-28 18:38:26', 17, 'ACTIVE');
INSERT INTO review_ratings (review_id, criterion_id, rating) VALUES (282, 1, 3), (282, 2, 5), (282, 3, 4), (282, 5, 4), (282, 11, 5), (282, 12, 4), (282, 13, 4);
INSERT INTO reviews (id, date_created, product_id, status) VALUES(283, '2025-07-16 08:09:26', 17, 'ACTIVE');
INSERT INTO review_ratings (review_id, criterion_id, rating) VALUES (283, 1, 3), (283, 2, 2), (283, 3, 3), (283, 5, 4), (283, 11, 4), (283, 12, 4), (283, 13, 2);
INSERT INTO reviews (id, date_created, product_id, status) VALUES(284, '2025-08-12 13:12:26', 17, 'REJECTED');
INSERT INTO review_ratings (review_id, criterion_id, rating) VALUES (284, 1, 3), (284, 2, 5), (284, 3, 4), (284, 5, 3), (284, 11, 3), (284, 12, 4), (284, 13, 4);
INSERT INTO reviews (id, date_created, product_id, status) VALUES(285, '2024-12-07 05:30:26', 17, 'ACTIVE');
INSERT INTO review_ratings (review_id, criterion_id, rating) VALUES (285, 1, 4), (285, 2, 4), (285, 3, 2), (285, 5, 4), (285, 11, 3), (285, 12, 4), (285, 13, 3);
INSERT INTO reviews (id, date_created, product_id, status) VALUES(286, '2025-04-17 03:24:26', 17, 'ACTIVE');
INSERT INTO review_ratings (review_id, criterion_id, rating) VALUES (286, 1, 4), (286, 2, 3), (286, 3, 4), (286, 5, 4), (286, 11, 4), (286, 12, 4), (286, 13, 4);
INSERT INTO reviews (id, date_created, product_id, status) VALUES(287, '2024-11-22 11:30:26', 17, 'ACTIVE');
INSERT INTO review_ratings (review_id, criterion_id, rating) VALUES (287, 1, 4), (287, 2, 3), (287, 3, 4), (287, 5, 3), (287, 11, 4), (287, 12, 4), (287, 13, 1);
INSERT INTO reviews (id, date_created, product_id, status) VALUES(288, '2024-11-11 22:59:26', 17, 'ACTIVE');
INSERT INTO review_ratings (review_id, criterion_id, rating) VALUES (288, 1, 3), (288, 2, 3), (288, 3, 4), (288, 5, 4), (288, 11, 3), (288, 12, 2), (288, 13, 3);
INSERT INTO reviews (id, date_created, product_id, status) VALUES(289, '2025-01-09 16:56:26', 17, 'ACTIVE');
INSERT INTO review_ratings (review_id, criterion_id, rating) VALUES (289, 1, 4), (289, 2, 3), (289, 3, 4), (289, 5, 3), (289, 11, 4), (289, 12, 4), (289, 13, 4);
INSERT INTO reviews (id, date_created, product_id, status) VALUES(290, '2024-11-14 01:23:26', 18, 'ACTIVE');
INSERT INTO review_ratings (review_id, criterion_id, rating) VALUES (290, 1, 4), (290, 2, 2), (290, 3, 3), (290, 5, 3), (290, 11, 5), (290, 12, 4), (290, 13, 3);
INSERT INTO reviews (id, date_created, product_id, status) VALUES(291, '2025-04-13 21:10:26', 18, 'ACTIVE');
INSERT INTO review_ratings (review_id, criterion_id, rating) VALUES (291, 1, 4), (291, 2, 3), (291, 3, 4), (291, 5, 3), (291, 11, 3), (291, 12, 3), (291, 13, 4);
INSERT INTO reviews (id, date_created, product_id, status) VALUES(292, '2025-08-14 09:59:26', 18, 'ACTIVE');
INSERT INTO review_ratings (review_id, criterion_id, rating) VALUES (292, 1, 3), (292, 2, 4), (292, 3, 2), (292, 5, 4), (292, 11, 3), (292, 12, 4), (292, 13, 4);
INSERT INTO reviews (id, date_created, product_id, status) VALUES(293, '2025-01-28 02:39:26', 18, 'ACTIVE');
INSERT INTO review_ratings (review_id, criterion_id, rating) VALUES (293, 1, 3), (293, 2, 4), (293, 3, 3), (293, 5, 3), (293, 11, 3), (293, 12, 4), (293, 13, 3);
INSERT INTO reviews (id, date_created, product_id, status) VALUES(294, '2025-10-10 01:39:26', 18, 'ACTIVE');
INSERT INTO review_ratings (review_id, criterion_id, rating) VALUES (294, 1, 3), (294, 2, 3), (294, 3, 3), (294, 5, 3), (294, 11, 4), (294, 12, 3), (294, 13, 4);
INSERT INTO reviews (id, date_created, product_id, status) VALUES(295, '2025-05-27 05:18:26', 18, 'ACTIVE');
INSERT INTO review_ratings (review_id, criterion_id, rating) VALUES (295, 1, 4), (295, 2, 3), (295, 3, 4), (295, 5, 3), (295, 11, 3), (295, 12, 4), (295, 13, 4);
INSERT INTO reviews (id, date_created, product_id, status) VALUES(296, '2025-03-29 18:54:26', 18, 'ACTIVE');
INSERT INTO review_ratings (review_id, criterion_id, rating) VALUES (296, 1, 3), (296, 2, 2), (296, 3, 4), (296, 5, 3), (296, 11, 4), (296, 12, 3), (296, 13, 3);
INSERT INTO reviews (id, date_created, product_id, status) VALUES(297, '2025-09-30 21:45:26', 18, 'ACTIVE');
INSERT INTO review_ratings (review_id, criterion_id, rating) VALUES (297, 1, 3), (297, 2, 4), (297, 3, 4), (297, 5, 4), (297, 11, 4), (297, 12, 3), (297, 13, 4);
INSERT INTO reviews (id, date_created, product_id, status) VALUES(298, '2025-09-30 07:33:26', 18, 'ACTIVE');
INSERT INTO review_ratings (review_id, criterion_id, rating) VALUES (298, 1, 5), (298, 2, 5), (298, 3, 3), (298, 5, 3), (298, 11, 5), (298, 12, 3), (298, 13, 3);
INSERT INTO reviews (id, date_created, product_id, status) VALUES(299, '2025-08-26 17:34:26', 18, 'ACTIVE');
INSERT INTO review_ratings (review_id, criterion_id, rating) VALUES (299, 1, 3), (299, 2, 4), (299, 3, 4), (299, 5, 3), (299, 11, 3), (299, 12, 3), (299, 13, 4);
INSERT INTO reviews (id, date_created, product_id, status) VALUES(300, '2024-11-11 12:17:26', 18, 'REJECTED');
INSERT INTO review_ratings (review_id, criterion_id, rating) VALUES (300, 1, 3), (300, 2, 5), (300, 3, 4), (300, 5, 4), (300, 11, 3), (300, 12, 4), (300, 13, 4);
INSERT INTO reviews (id, date_created, product_id, status) VALUES(301, '2025-07-16 05:54:26', 18, 'ACTIVE');
INSERT INTO review_ratings (review_id, criterion_id, rating) VALUES (301, 1, 5), (301, 2, 4), (301, 3, 4), (301, 5, 3), (301, 11, 4), (301, 12, 3), (301, 13, 3);
INSERT INTO reviews (id, date_created, product_id, status) VALUES(302, '2025-06-21 18:44:26', 18, 'ACTIVE');
INSERT INTO review_ratings (review_id, criterion_id, rating) VALUES (302, 1, 3), (302, 2, 3), (302, 3, 3), (302, 5, 3), (302, 11, 5), (302, 12, 4), (302, 13, 3);
INSERT INTO reviews (id, date_created, product_id, status) VALUES(303, '2025-07-10 00:16:26', 18, 'ACTIVE');
INSERT INTO review_ratings (review_id, criterion_id, rating) VALUES (303, 1, 4), (303, 2, 3), (303, 3, 4), (303, 5, 4), (303, 11, 3), (303, 12, 3), (303, 13, 3);
INSERT INTO reviews (id, date_created, product_id, status) VALUES(304, '2024-12-22 05:16:26', 18, 'ACTIVE');
INSERT INTO review_ratings (review_id, criterion_id, rating) VALUES (304, 1, 4), (304, 2, 3), (304, 3, 4), (304, 5, 3), (304, 11, 4), (304, 12, 3), (304, 13, 5);
INSERT INTO reviews (id, date_created, product_id, status) VALUES(305, '2024-11-30 05:23:26', 18, 'ACTIVE');
INSERT INTO review_ratings (review_id, criterion_id, rating) VALUES (305, 1, 4), (305, 2, 2), (305, 3, 4), (305, 5, 2), (305, 11, 3), (305, 12, 3), (305, 13, 3);
INSERT INTO reviews (id, date_created, product_id, status) VALUES(306, '2024-11-27 23:17:26', 18, 'ACTIVE');
INSERT INTO review_ratings (review_id, criterion_id, rating) VALUES (306, 1, 3), (306, 2, 3), (306, 3, 4), (306, 5, 4), (306, 11, 4), (306, 12, 3), (306, 13, 3);
INSERT INTO reviews (id, date_created, product_id, status) VALUES(307, '2024-10-29 06:52:26', 19, 'ACTIVE');
INSERT INTO review_ratings (review_id, criterion_id, rating) VALUES (307, 1, 4), (307, 2, 2), (307, 3, 3), (307, 5, 3), (307, 11, 4), (307, 12, 3), (307, 13, 4);
INSERT INTO reviews (id, date_created, product_id, status) VALUES(308, '2025-09-09 23:27:26', 19, 'ACTIVE');
INSERT INTO review_ratings (review_id, criterion_id, rating) VALUES (308, 1, 3), (308, 2, 3), (308, 3, 3), (308, 5, 5), (308, 11, 2), (308, 12, 4), (308, 13, 3);
INSERT INTO reviews (id, date_created, product_id, status) VALUES(309, '2025-07-08 03:21:26', 19, 'ACTIVE');
INSERT INTO review_ratings (review_id, criterion_id, rating) VALUES (309, 1, 3), (309, 2, 5), (309, 3, 3), (309, 5, 4), (309, 11, 3), (309, 12, 5), (309, 13, 2);
INSERT INTO reviews (id, date_created, product_id, status) VALUES(310, '2025-01-03 19:56:26', 19, 'ACTIVE');
INSERT INTO review_ratings (review_id, criterion_id, rating) VALUES (310, 1, 4), (310, 2, 4), (310, 3, 3), (310, 5, 4), (310, 11, 3), (310, 12, 3), (310, 13, 4);
INSERT INTO reviews (id, date_created, product_id, status) VALUES(311, '2025-08-13 10:23:26', 19, 'ACTIVE');
INSERT INTO review_ratings (review_id, criterion_id, rating) VALUES (311, 1, 5), (311, 2, 3), (311, 3, 4), (311, 5, 3), (311, 11, 4), (311, 12, 3), (311, 13, 4);
INSERT INTO reviews (id, date_created, product_id, status) VALUES(312, '2025-07-31 03:55:26', 19, 'ACTIVE');
INSERT INTO review_ratings (review_id, criterion_id, rating) VALUES (312, 1, 4), (312, 2, 3), (312, 3, 4), (312, 5, 4), (312, 11, 2), (312, 12, 4), (312, 13, 5);
INSERT INTO reviews (id, date_created, product_id, status) VALUES(313, '2025-09-14 09:56:26', 19, 'ACTIVE');
INSERT INTO review_ratings (review_id, criterion_id, rating) VALUES (313, 1, 3), (313, 2, 4), (313, 3, 3), (313, 5, 4), (313, 11, 2), (313, 12, 3), (313, 13, 5);
INSERT INTO reviews (id, date_created, product_id, status) VALUES(314, '2025-01-31 08:34:26', 19, 'ACTIVE');
INSERT INTO review_ratings (review_id, criterion_id, rating) VALUES (314, 1, 3), (314, 2, 3), (314, 3, 3), (314, 5, 3), (314, 11, 3), (314, 12, 4), (314, 13, 4);
INSERT INTO reviews (id, date_created, product_id, status) VALUES(315, '2025-01-01 05:25:26', 19, 'ACTIVE');
INSERT INTO review_ratings (review_id, criterion_id, rating) VALUES (315, 1, 5), (315, 2, 4), (315, 3, 3), (315, 5, 4), (315, 11, 3), (315, 12, 3), (315, 13, 3);
INSERT INTO reviews (id, date_created, product_id, status) VALUES(316, '2025-02-21 02:47:26', 19, 'ACTIVE');
INSERT INTO review_ratings (review_id, criterion_id, rating) VALUES (316, 1, 3), (316, 2, 5), (316, 3, 3), (316, 5, 3), (316, 11, 4), (316, 12, 3), (316, 13, 3);
INSERT INTO reviews (id, date_created, product_id, status) VALUES(317, '2025-10-17 20:03:26', 19, 'ACTIVE');
INSERT INTO review_ratings (review_id, criterion_id, rating) VALUES (317, 1, 3), (317, 2, 4), (317, 3, 5), (317, 5, 4), (317, 11, 3), (317, 12, 4), (317, 13, 5);
INSERT INTO reviews (id, date_created, product_id, status) VALUES(318, '2024-11-25 10:54:26', 19, 'ACTIVE');
INSERT INTO review_ratings (review_id, criterion_id, rating) VALUES (318, 1, 4), (318, 2, 4), (318, 3, 4), (318, 5, 3), (318, 11, 4), (318, 12, 3), (318, 13, 5);
INSERT INTO reviews (id, date_created, product_id, status) VALUES(319, '2025-07-15 15:52:26', 19, 'ACTIVE');
INSERT INTO review_ratings (review_id, criterion_id, rating) VALUES (319, 1, 3), (319, 2, 5), (319, 3, 3), (319, 5, 3), (319, 11, 3), (319, 12, 3), (319, 13, 4);
INSERT INTO reviews (id, date_created, product_id, status) VALUES(320, '2024-12-17 11:17:26', 19, 'ACTIVE');
INSERT INTO review_ratings (review_id, criterion_id, rating) VALUES (320, 1, 3), (320, 2, 4), (320, 3, 4), (320, 5, 4), (320, 11, 4), (320, 12, 3), (320, 13, 3);
INSERT INTO reviews (id, date_created, product_id, status) VALUES(321, '2024-11-03 01:17:26', 19, 'ACTIVE');
INSERT INTO review_ratings (review_id, criterion_id, rating) VALUES (321, 1, 2), (321, 2, 3), (321, 3, 3), (321, 5, 3), (321, 11, 4), (321, 12, 4), (321, 13, 4);
INSERT INTO reviews (id, date_created, product_id, status) VALUES(322, '2025-01-08 17:04:26', 19, 'ACTIVE');
INSERT INTO review_ratings (review_id, criterion_id, rating) VALUES (322, 1, 4), (322, 2, 4), (322, 3, 4), (322, 5, 3), (322, 11, 3), (322, 12, 3), (322, 13, 4);
INSERT INTO reviews (id, date_created, product_id, status) VALUES(323, '2025-05-31 06:06:26', 19, 'ACTIVE');
INSERT INTO review_ratings (review_id, criterion_id, rating) VALUES (323, 1, 4), (323, 2, 2), (323, 3, 4), (323, 5, 3), (323, 11, 3), (323, 12, 3), (323, 13, 5);
INSERT INTO reviews (id, date_created, product_id, status) VALUES(324, '2025-10-06 13:41:26', 20, 'ACTIVE');
INSERT INTO review_ratings (review_id, criterion_id, rating) VALUES (324, 1, 4), (324, 2, 3), (324, 3, 3), (324, 5, 5), (324, 11, 2), (324, 12, 3), (324, 13, 5);
INSERT INTO reviews (id, date_created, product_id, status) VALUES(325, '2025-04-22 04:24:26', 20, 'ACTIVE');
INSERT INTO review_ratings (review_id, criterion_id, rating) VALUES (325, 1, 3), (325, 2, 4), (325, 3, 4), (325, 5, 3), (325, 11, 3), (325, 12, 4), (325, 13, 4);
INSERT INTO reviews (id, date_created, product_id, status) VALUES(326, '2025-08-22 15:49:26', 20, 'ACTIVE');
INSERT INTO review_ratings (review_id, criterion_id, rating) VALUES (326, 1, 3), (326, 2, 4), (326, 3, 3), (326, 5, 3), (326, 11, 4), (326, 12, 4), (326, 13, 2);
INSERT INTO reviews (id, date_created, product_id, status) VALUES(327, '2025-07-28 19:11:26', 20, 'ACTIVE');
INSERT INTO review_ratings (review_id, criterion_id, rating) VALUES (327, 1, 3), (327, 2, 2), (327, 3, 4), (327, 5, 3), (327, 11, 4), (327, 12, 3), (327, 13, 2);
INSERT INTO reviews (id, date_created, product_id, status) VALUES(328, '2025-03-18 13:31:26', 20, 'ACTIVE');
INSERT INTO review_ratings (review_id, criterion_id, rating) VALUES (328, 1, 4), (328, 2, 3), (328, 3, 4), (328, 5, 3), (328, 11, 2), (328, 12, 3), (328, 13, 3);
INSERT INTO reviews (id, date_created, product_id, status) VALUES(329, '2024-11-21 04:02:26', 20, 'ACTIVE');
INSERT INTO review_ratings (review_id, criterion_id, rating) VALUES (329, 1, 3), (329, 2, 3), (329, 3, 3), (329, 5, 3), (329, 11, 3), (329, 12, 4), (329, 13, 2);
INSERT INTO reviews (id, date_created, product_id, status) VALUES(330, '2025-01-16 19:32:26', 20, 'REJECTED');
INSERT INTO review_ratings (review_id, criterion_id, rating) VALUES (330, 1, 4), (330, 2, 4), (330, 3, 3), (330, 5, 3), (330, 11, 4), (330, 12, 4), (330, 13, 5);
INSERT INTO reviews (id, date_created, product_id, status) VALUES(331, '2025-05-18 07:14:26', 20, 'ACTIVE');
INSERT INTO review_ratings (review_id, criterion_id, rating) VALUES (331, 1, 4), (331, 2, 4), (331, 3, 3), (331, 5, 3), (331, 11, 4), (331, 12, 4), (331, 13, 4);
INSERT INTO reviews (id, date_created, product_id, status) VALUES(332, '2025-02-16 00:15:26', 20, 'ACTIVE');
INSERT INTO review_ratings (review_id, criterion_id, rating) VALUES (332, 1, 3), (332, 2, 2), (332, 3, 4), (332, 5, 4), (332, 11, 4), (332, 12, 3), (332, 13, 3);
INSERT INTO reviews (id, date_created, product_id, status) VALUES(333, '2025-09-12 18:56:26', 20, 'ACTIVE');
INSERT INTO review_ratings (review_id, criterion_id, rating) VALUES (333, 1, 4), (333, 2, 3), (333, 3, 3), (333, 5, 3), (333, 11, 3), (333, 12, 4), (333, 13, 4);
INSERT INTO reviews (id, date_created, product_id, status) VALUES(334, '2025-05-12 20:46:26', 20, 'ACTIVE');
INSERT INTO review_ratings (review_id, criterion_id, rating) VALUES (334, 1, 2), (334, 2, 2), (334, 3, 4), (334, 5, 3), (334, 11, 3), (334, 12, 4), (334, 13, 3);
INSERT INTO reviews (id, date_created, product_id, status) VALUES(335, '2025-05-08 02:42:26', 20, 'ACTIVE');
INSERT INTO review_ratings (review_id, criterion_id, rating) VALUES (335, 1, 4), (335, 2, 3), (335, 3, 3), (335, 5, 4), (335, 11, 4), (335, 12, 3), (335, 13, 4);
INSERT INTO reviews (id, date_created, product_id, status) VALUES(336, '2025-04-03 11:19:26', 20, 'ACTIVE');
INSERT INTO review_ratings (review_id, criterion_id, rating) VALUES (336, 1, 3), (336, 2, 4), (336, 3, 5), (336, 5, 3), (336, 11, 4), (336, 12, 4), (336, 13, 2);
INSERT INTO reviews (id, date_created, product_id, status) VALUES(337, '2025-09-04 01:33:26', 20, 'ACTIVE');
INSERT INTO review_ratings (review_id, criterion_id, rating) VALUES (337, 1, 4), (337, 2, 3), (337, 3, 4), (337, 5, 3), (337, 11, 2), (337, 12, 2), (337, 13, 4);
INSERT INTO reviews (id, date_created, product_id, status) VALUES(338, '2025-01-30 15:32:26', 20, 'ACTIVE');
INSERT INTO review_ratings (review_id, criterion_id, rating) VALUES (338, 1, 4), (338, 2, 3), (338, 3, 4), (338, 5, 4), (338, 11, 3), (338, 12, 4), (338, 13, 3);
INSERT INTO reviews (id, date_created, product_id, status) VALUES(339, '2025-08-01 14:43:26', 20, 'ACTIVE');
INSERT INTO review_ratings (review_id, criterion_id, rating) VALUES (339, 1, 3), (339, 2, 4), (339, 3, 4), (339, 5, 3), (339, 11, 2), (339, 12, 5), (339, 13, 5);
INSERT INTO reviews (id, date_created, product_id, status) VALUES(340, '2025-06-11 02:14:26', 20, 'ACTIVE');
INSERT INTO review_ratings (review_id, criterion_id, rating) VALUES (340, 1, 3), (340, 2, 3), (340, 3, 4), (340, 5, 3), (340, 11, 4), (340, 12, 3), (340, 13, 3);
INSERT INTO reviews (id, date_created, product_id, status) VALUES(341, '2024-11-03 20:40:26', 21, 'ACTIVE');
INSERT INTO review_ratings (review_id, criterion_id, rating) VALUES (341, 1, 2), (341, 2, 4), (341, 3, 3), (341, 5, 5), (341, 11, 5), (341, 12, 1), (341, 13, 2);
INSERT INTO reviews (id, date_created, product_id, status) VALUES(342, '2024-10-30 18:24:26', 21, 'ACTIVE');
INSERT INTO review_ratings (review_id, criterion_id, rating) VALUES (342, 1, 2), (342, 2, 4), (342, 3, 3), (342, 5, 5), (342, 11, 5), (342, 12, 1), (342, 13, 2);
INSERT INTO reviews (id, date_created, product_id, status) VALUES(343, '2024-11-21 16:09:26', 21, 'ACTIVE');
INSERT INTO review_ratings (review_id, criterion_id, rating) VALUES (343, 1, 3), (343, 2, 4), (343, 3, 3), (343, 5, 4), (343, 11, 5), (343, 12, 1), (343, 13, 2);
INSERT INTO reviews (id, date_created, product_id, status) VALUES(344, '2025-10-01 08:18:26', 21, 'ACTIVE');
INSERT INTO review_ratings (review_id, criterion_id, rating) VALUES (344, 1, 2), (344, 2, 5), (344, 3, 3), (344, 5, 5), (344, 11, 5), (344, 12, 1), (344, 13, 1);
INSERT INTO reviews (id, date_created, product_id, status) VALUES(345, '2025-01-25 13:13:26', 21, 'ACTIVE');
INSERT INTO review_ratings (review_id, criterion_id, rating) VALUES (345, 1, 3), (345, 2, 5), (345, 3, 3), (345, 5, 4), (345, 11, 5), (345, 12, 1), (345, 13, 2);
INSERT INTO reviews (id, date_created, product_id, status) VALUES(346, '2024-11-07 04:51:26', 21, 'ACTIVE');
INSERT INTO review_ratings (review_id, criterion_id, rating) VALUES (346, 1, 3), (346, 2, 5), (346, 3, 3), (346, 5, 5), (346, 11, 4), (346, 12, 1), (346, 13, 3);
INSERT INTO reviews (id, date_created, product_id, status) VALUES(347, '2025-10-22 15:19:26', 21, 'ACTIVE');
INSERT INTO review_ratings (review_id, criterion_id, rating) VALUES (347, 1, 3), (347, 2, 3), (347, 3, 3), (347, 5, 5), (347, 11, 4), (347, 12, 1), (347, 13, 1);
INSERT INTO reviews (id, date_created, product_id, status) VALUES(348, '2024-12-25 07:46:26', 21, 'ACTIVE');
INSERT INTO review_ratings (review_id, criterion_id, rating) VALUES (348, 1, 3), (348, 2, 5), (348, 3, 4), (348, 5, 5), (348, 11, 5), (348, 12, 2), (348, 13, 2);
INSERT INTO reviews (id, date_created, product_id, status) VALUES(349, '2025-08-29 02:33:26', 21, 'ACTIVE');
INSERT INTO review_ratings (review_id, criterion_id, rating) VALUES (349, 1, 2), (349, 2, 4), (349, 3, 3), (349, 5, 5), (349, 11, 4), (349, 12, 2), (349, 13, 2);
INSERT INTO reviews (id, date_created, product_id, status) VALUES(350, '2025-05-16 19:32:26', 21, 'ACTIVE');
INSERT INTO review_ratings (review_id, criterion_id, rating) VALUES (350, 1, 2), (350, 2, 4), (350, 3, 2), (350, 5, 4), (350, 11, 5), (350, 12, 1), (350, 13, 2);
INSERT INTO reviews (id, date_created, product_id, status) VALUES(351, '2024-11-01 04:02:26', 21, 'ACTIVE');
INSERT INTO review_ratings (review_id, criterion_id, rating) VALUES (351, 1, 2), (351, 2, 5), (351, 3, 2), (351, 5, 5), (351, 11, 5), (351, 12, 1), (351, 13, 2);
INSERT INTO reviews (id, date_created, product_id, status) VALUES(352, '2025-05-13 04:12:26', 21, 'ACTIVE');
INSERT INTO review_ratings (review_id, criterion_id, rating) VALUES (352, 1, 2), (352, 2, 5), (352, 3, 3), (352, 5, 4), (352, 11, 5), (352, 12, 1), (352, 13, 1);
INSERT INTO reviews (id, date_created, product_id, status) VALUES(353, '2025-08-31 17:13:26', 21, 'ACTIVE');
INSERT INTO review_ratings (review_id, criterion_id, rating) VALUES (353, 1, 3), (353, 2, 4), (353, 3, 2), (353, 5, 4), (353, 11, 5), (353, 12, 1), (353, 13, 4);
INSERT INTO reviews (id, date_created, product_id, status) VALUES(354, '2025-04-15 06:01:26', 21, 'ACTIVE');
INSERT INTO review_ratings (review_id, criterion_id, rating) VALUES (354, 1, 1), (354, 2, 5), (354, 3, 3), (354, 5, 5), (354, 11, 4), (354, 12, 1), (354, 13, 2);
INSERT INTO reviews (id, date_created, product_id, status) VALUES(355, '2025-05-30 18:23:26', 21, 'ACTIVE');
INSERT INTO review_ratings (review_id, criterion_id, rating) VALUES (355, 1, 2), (355, 2, 5), (355, 3, 4), (355, 5, 5), (355, 11, 4), (355, 12, 1), (355, 13, 2);
INSERT INTO reviews (id, date_created, product_id, status) VALUES(356, '2025-07-11 17:08:26', 21, 'ACTIVE');
INSERT INTO review_ratings (review_id, criterion_id, rating) VALUES (356, 1, 3), (356, 2, 5), (356, 3, 4), (356, 5, 5), (356, 11, 4), (356, 12, 1), (356, 13, 3);
INSERT INTO reviews (id, date_created, product_id, status) VALUES(357, '2025-09-22 14:52:26', 21, 'ACTIVE');
INSERT INTO review_ratings (review_id, criterion_id, rating) VALUES (357, 1, 1), (357, 2, 5), (357, 3, 3), (357, 5, 5), (357, 11, 5), (357, 12, 1), (357, 13, 1);
INSERT INTO reviews (id, date_created, product_id, status) VALUES(358, '2025-06-19 01:11:26', 22, 'ACTIVE');
INSERT INTO review_ratings (review_id, criterion_id, rating) VALUES (358, 1, 5), (358, 2, 2), (358, 3, 5), (358, 5, 2), (358, 6, 5), (358, 14, 5), (358, 15, 5);
INSERT INTO reviews (id, date_created, product_id, status) VALUES(359, '2025-09-26 14:58:26', 22, 'ACTIVE');
INSERT INTO review_ratings (review_id, criterion_id, rating) VALUES (359, 1, 5), (359, 2, 2), (359, 3, 4), (359, 5, 2), (359, 6, 5), (359, 14, 4), (359, 15, 4);
INSERT INTO reviews (id, date_created, product_id, status) VALUES(360, '2025-04-17 01:43:26', 22, 'ACTIVE');
INSERT INTO review_ratings (review_id, criterion_id, rating) VALUES (360, 1, 5), (360, 2, 2), (360, 3, 5), (360, 5, 3), (360, 6, 5), (360, 14, 5), (360, 15, 4);
INSERT INTO reviews (id, date_created, product_id, status) VALUES(361, '2024-12-09 10:16:26', 22, 'ACTIVE');
INSERT INTO review_ratings (review_id, criterion_id, rating) VALUES (361, 1, 5), (361, 2, 2), (361, 3, 5), (361, 5, 2), (361, 6, 5), (361, 14, 5), (361, 15, 4);
INSERT INTO reviews (id, date_created, product_id, status) VALUES(362, '2025-10-26 19:57:26', 22, 'ACTIVE');
INSERT INTO review_ratings (review_id, criterion_id, rating) VALUES (362, 1, 5), (362, 2, 3), (362, 3, 5), (362, 5, 2), (362, 6, 5), (362, 14, 5), (362, 15, 4);
INSERT INTO reviews (id, date_created, product_id, status) VALUES(363, '2024-12-02 22:26:26', 22, 'ACTIVE');
INSERT INTO review_ratings (review_id, criterion_id, rating) VALUES (363, 1, 5), (363, 2, 4), (363, 3, 5), (363, 5, 3), (363, 6, 5), (363, 14, 4), (363, 15, 5);
INSERT INTO reviews (id, date_created, product_id, status) VALUES(364, '2025-01-20 23:54:26', 22, 'ACTIVE');
INSERT INTO review_ratings (review_id, criterion_id, rating) VALUES (364, 1, 4), (364, 2, 3), (364, 3, 5), (364, 5, 3), (364, 6, 5), (364, 14, 4), (364, 15, 5);
INSERT INTO reviews (id, date_created, product_id, status) VALUES(365, '2025-08-24 16:54:26', 22, 'ACTIVE');
INSERT INTO review_ratings (review_id, criterion_id, rating) VALUES (365, 1, 5), (365, 2, 3), (365, 3, 5), (365, 5, 3), (365, 6, 4), (365, 14, 5), (365, 15, 4);
INSERT INTO reviews (id, date_created, product_id, status) VALUES(366, '2025-01-12 02:44:26', 22, 'ACTIVE');
INSERT INTO review_ratings (review_id, criterion_id, rating) VALUES (366, 1, 5), (366, 2, 3), (366, 3, 5), (366, 5, 2), (366, 6, 5), (366, 14, 5), (366, 15, 4);
INSERT INTO reviews (id, date_created, product_id, status) VALUES(367, '2025-04-28 09:52:26', 22, 'ACTIVE');
INSERT INTO review_ratings (review_id, criterion_id, rating) VALUES (367, 1, 5), (367, 2, 2), (367, 3, 4), (367, 5, 3), (367, 6, 5), (367, 14, 5), (367, 15, 4);
INSERT INTO reviews (id, date_created, product_id, status) VALUES(368, '2025-08-18 21:23:26', 22, 'ACTIVE');
INSERT INTO review_ratings (review_id, criterion_id, rating) VALUES (368, 1, 4), (368, 2, 3), (368, 3, 5), (368, 5, 2), (368, 6, 5), (368, 14, 5), (368, 15, 5);
INSERT INTO reviews (id, date_created, product_id, status) VALUES(369, '2025-01-04 20:10:26', 22, 'ACTIVE');
INSERT INTO review_ratings (review_id, criterion_id, rating) VALUES (369, 1, 5), (369, 2, 3), (369, 3, 5), (369, 5, 3), (369, 6, 4), (369, 14, 5), (369, 15, 5);
INSERT INTO reviews (id, date_created, product_id, status) VALUES(370, '2024-12-31 14:41:26', 22, 'ACTIVE');
INSERT INTO review_ratings (review_id, criterion_id, rating) VALUES (370, 1, 5), (370, 2, 2), (370, 3, 5), (370, 5, 2), (370, 6, 5), (370, 14, 4), (370, 15, 4);
INSERT INTO reviews (id, date_created, product_id, status) VALUES(371, '2024-12-18 17:25:26', 22, 'ACTIVE');
INSERT INTO review_ratings (review_id, criterion_id, rating) VALUES (371, 1, 5), (371, 2, 3), (371, 3, 4), (371, 5, 2), (371, 6, 5), (371, 14, 5), (371, 15, 4);
INSERT INTO reviews (id, date_created, product_id, status) VALUES(372, '2025-10-09 06:47:26', 22, 'ACTIVE');
INSERT INTO review_ratings (review_id, criterion_id, rating) VALUES (372, 1, 3), (372, 2, 4), (372, 3, 5), (372, 5, 3), (372, 6, 5), (372, 14, 5), (372, 15, 4);
INSERT INTO reviews (id, date_created, product_id, status) VALUES(373, '2025-03-02 23:39:26', 22, 'ACTIVE');
INSERT INTO review_ratings (review_id, criterion_id, rating) VALUES (373, 1, 5), (373, 2, 3), (373, 3, 5), (373, 5, 2), (373, 6, 5), (373, 14, 4), (373, 15, 5);
INSERT INTO reviews (id, date_created, product_id, status) VALUES(374, '2025-08-01 01:54:26', 22, 'ACTIVE');
INSERT INTO review_ratings (review_id, criterion_id, rating) VALUES (374, 1, 5), (374, 2, 2), (374, 3, 4), (374, 5, 3), (374, 6, 5), (374, 14, 5), (374, 15, 5);
INSERT INTO reviews (id, date_created, product_id, status) VALUES(375, '2025-04-05 02:43:26', 23, 'ACTIVE');
INSERT INTO review_ratings (review_id, criterion_id, rating) VALUES (375, 1, 3), (375, 2, 4), (375, 3, 3), (375, 5, 3), (375, 6, 4), (375, 14, 4), (375, 15, 4);
INSERT INTO reviews (id, date_created, product_id, status) VALUES(376, '2025-07-13 10:24:26', 23, 'ACTIVE');
INSERT INTO review_ratings (review_id, criterion_id, rating) VALUES (376, 1, 4), (376, 2, 2), (376, 3, 3), (376, 5, 3), (376, 6, 3), (376, 14, 3), (376, 15, 4);
INSERT INTO reviews (id, date_created, product_id, status) VALUES(377, '2024-11-17 23:05:26', 23, 'ACTIVE');
INSERT INTO review_ratings (review_id, criterion_id, rating) VALUES (377, 1, 4), (377, 2, 5), (377, 3, 4), (377, 5, 4), (377, 6, 3), (377, 14, 3), (377, 15, 3);
INSERT INTO reviews (id, date_created, product_id, status) VALUES(378, '2025-01-09 10:32:26', 23, 'ACTIVE');
INSERT INTO review_ratings (review_id, criterion_id, rating) VALUES (378, 1, 3), (378, 2, 4), (378, 3, 3), (378, 5, 2), (378, 6, 4), (378, 14, 3), (378, 15, 3);
INSERT INTO reviews (id, date_created, product_id, status) VALUES(379, '2024-11-25 05:30:26', 23, 'ACTIVE');
INSERT INTO review_ratings (review_id, criterion_id, rating) VALUES (379, 1, 3), (379, 2, 3), (379, 3, 3), (379, 5, 4), (379, 6, 3), (379, 14, 4), (379, 15, 3);
INSERT INTO reviews (id, date_created, product_id, status) VALUES(380, '2024-12-13 17:03:26', 23, 'ACTIVE');
INSERT INTO review_ratings (review_id, criterion_id, rating) VALUES (380, 1, 3), (380, 2, 3), (380, 3, 3), (380, 5, 3), (380, 6, 4), (380, 14, 4), (380, 15, 4);
INSERT INTO reviews (id, date_created, product_id, status) VALUES(381, '2025-09-04 14:23:26', 23, 'ACTIVE');
INSERT INTO review_ratings (review_id, criterion_id, rating) VALUES (381, 1, 4), (381, 2, 3), (381, 3, 4), (381, 5, 3), (381, 6, 4), (381, 14, 5), (381, 15, 3);
INSERT INTO reviews (id, date_created, product_id, status) VALUES(382, '2025-01-29 21:47:26', 23, 'ACTIVE');
INSERT INTO review_ratings (review_id, criterion_id, rating) VALUES (382, 1, 3), (382, 2, 3), (382, 3, 4), (382, 5, 3), (382, 6, 3), (382, 14, 4), (382, 15, 3);
INSERT INTO reviews (id, date_created, product_id, status) VALUES(383, '2024-12-01 01:02:26', 23, 'ACTIVE');
INSERT INTO review_ratings (review_id, criterion_id, rating) VALUES (383, 1, 4), (383, 2, 3), (383, 3, 2), (383, 5, 4), (383, 6, 2), (383, 14, 4), (383, 15, 3);
INSERT INTO reviews (id, date_created, product_id, status) VALUES(384, '2024-11-06 20:29:26', 23, 'ACTIVE');
INSERT INTO review_ratings (review_id, criterion_id, rating) VALUES (384, 1, 4), (384, 2, 3), (384, 3, 5), (384, 5, 4), (384, 6, 3), (384, 14, 3), (384, 15, 3);
INSERT INTO reviews (id, date_created, product_id, status) VALUES(385, '2025-06-20 08:35:26', 23, 'ACTIVE');
INSERT INTO review_ratings (review_id, criterion_id, rating) VALUES (385, 1, 4), (385, 2, 2), (385, 3, 4), (385, 5, 4), (385, 6, 3), (385, 14, 3), (385, 15, 3);
INSERT INTO reviews (id, date_created, product_id, status) VALUES(386, '2025-08-11 00:54:26', 23, 'ACTIVE');
INSERT INTO review_ratings (review_id, criterion_id, rating) VALUES (386, 1, 4), (386, 2, 3), (386, 3, 4), (386, 5, 3), (386, 6, 3), (386, 14, 4), (386, 15, 3);
INSERT INTO reviews (id, date_created, product_id, status) VALUES(387, '2025-07-17 01:00:26', 23, 'ACTIVE');
INSERT INTO review_ratings (review_id, criterion_id, rating) VALUES (387, 1, 3), (387, 2, 4), (387, 3, 3), (387, 5, 3), (387, 6, 3), (387, 14, 4), (387, 15, 3);
INSERT INTO reviews (id, date_created, product_id, status) VALUES(388, '2024-11-26 10:48:26', 23, 'ACTIVE');
INSERT INTO review_ratings (review_id, criterion_id, rating) VALUES (388, 1, 3), (388, 2, 4), (388, 3, 2), (388, 5, 4), (388, 6, 4), (388, 14, 4), (388, 15, 2);
INSERT INTO reviews (id, date_created, product_id, status) VALUES(389, '2024-12-18 15:52:26', 23, 'ACTIVE');
INSERT INTO review_ratings (review_id, criterion_id, rating) VALUES (389, 1, 4), (389, 2, 5), (389, 3, 4), (389, 5, 4), (389, 6, 4), (389, 14, 5), (389, 15, 3);
INSERT INTO reviews (id, date_created, product_id, status) VALUES(390, '2025-07-08 03:30:26', 23, 'ACTIVE');
INSERT INTO review_ratings (review_id, criterion_id, rating) VALUES (390, 1, 4), (390, 2, 3), (390, 3, 2), (390, 5, 3), (390, 6, 4), (390, 14, 3), (390, 15, 5);
INSERT INTO reviews (id, date_created, product_id, status) VALUES(391, '2025-09-30 08:55:26', 23, 'ACTIVE');
INSERT INTO review_ratings (review_id, criterion_id, rating) VALUES (391, 1, 5), (391, 2, 4), (391, 3, 4), (391, 5, 3), (391, 6, 4), (391, 14, 4), (391, 15, 3);
INSERT INTO reviews (id, date_created, product_id, status) VALUES(392, '2024-12-19 08:52:26', 24, 'ACTIVE');
INSERT INTO review_ratings (review_id, criterion_id, rating) VALUES (392, 1, 3), (392, 2, 4), (392, 3, 4), (392, 5, 5), (392, 6, 5), (392, 14, 4), (392, 15, 3);
INSERT INTO reviews (id, date_created, product_id, status) VALUES(393, '2025-04-10 01:58:26', 24, 'ACTIVE');
INSERT INTO review_ratings (review_id, criterion_id, rating) VALUES (393, 1, 4), (393, 2, 4), (393, 3, 4), (393, 5, 3), (393, 6, 3), (393, 14, 3), (393, 15, 3);
INSERT INTO reviews (id, date_created, product_id, status) VALUES(394, '2025-06-10 06:57:26', 24, 'ACTIVE');
INSERT INTO review_ratings (review_id, criterion_id, rating) VALUES (394, 1, 3), (394, 2, 3), (394, 3, 4), (394, 5, 4), (394, 6, 4), (394, 14, 3), (394, 15, 3);
INSERT INTO reviews (id, date_created, product_id, status) VALUES(395, '2025-02-14 05:14:26', 24, 'ACTIVE');
INSERT INTO review_ratings (review_id, criterion_id, rating) VALUES (395, 1, 4), (395, 2, 2), (395, 3, 4), (395, 5, 3), (395, 6, 3), (395, 14, 3), (395, 15, 4);
INSERT INTO reviews (id, date_created, product_id, status) VALUES(396, '2025-06-27 03:46:26', 24, 'ACTIVE');
INSERT INTO review_ratings (review_id, criterion_id, rating) VALUES (396, 1, 3), (396, 2, 2), (396, 3, 4), (396, 5, 4), (396, 6, 4), (396, 14, 4), (396, 15, 4);
INSERT INTO reviews (id, date_created, product_id, status) VALUES(397, '2025-07-08 16:51:26', 24, 'ACTIVE');
INSERT INTO review_ratings (review_id, criterion_id, rating) VALUES (397, 1, 3), (397, 2, 5), (397, 3, 3), (397, 5, 3), (397, 6, 4), (397, 14, 3), (397, 15, 4);
INSERT INTO reviews (id, date_created, product_id, status) VALUES(398, '2025-05-07 12:00:26', 24, 'ACTIVE');
INSERT INTO review_ratings (review_id, criterion_id, rating) VALUES (398, 1, 4), (398, 2, 3), (398, 3, 4), (398, 5, 4), (398, 6, 3), (398, 14, 4), (398, 15, 3);
INSERT INTO reviews (id, date_created, product_id, status) VALUES(399, '2025-07-23 22:48:26', 24, 'ACTIVE');
INSERT INTO review_ratings (review_id, criterion_id, rating) VALUES (399, 1, 3), (399, 2, 2), (399, 3, 4), (399, 5, 4), (399, 6, 4), (399, 14, 4), (399, 15, 4);
INSERT INTO reviews (id, date_created, product_id, status) VALUES(400, '2025-09-18 16:53:26', 24, 'ACTIVE');
INSERT INTO review_ratings (review_id, criterion_id, rating) VALUES (400, 1, 4), (400, 2, 5), (400, 3, 4), (400, 5, 5), (400, 6, 3), (400, 14, 3), (400, 15, 4);
INSERT INTO reviews (id, date_created, product_id, status) VALUES(401, '2025-01-08 06:04:26', 24, 'ACTIVE');
INSERT INTO review_ratings (review_id, criterion_id, rating) VALUES (401, 1, 4), (401, 2, 3), (401, 3, 3), (401, 5, 4), (401, 6, 4), (401, 14, 4), (401, 15, 2);
INSERT INTO reviews (id, date_created, product_id, status) VALUES(402, '2025-10-12 22:13:26', 24, 'ACTIVE');
INSERT INTO review_ratings (review_id, criterion_id, rating) VALUES (402, 1, 4), (402, 2, 3), (402, 3, 3), (402, 5, 4), (402, 6, 3), (402, 14, 3), (402, 15, 4);
INSERT INTO reviews (id, date_created, product_id, status) VALUES(403, '2025-10-22 17:22:26', 24, 'ACTIVE');
INSERT INTO review_ratings (review_id, criterion_id, rating) VALUES (403, 1, 4), (403, 2, 4), (403, 3, 4), (403, 5, 3), (403, 6, 3), (403, 14, 4), (403, 15, 4);
INSERT INTO reviews (id, date_created, product_id, status) VALUES(404, '2025-07-26 23:08:26', 24, 'ACTIVE');
INSERT INTO review_ratings (review_id, criterion_id, rating) VALUES (404, 1, 3), (404, 2, 3), (404, 3, 3), (404, 5, 4), (404, 6, 3), (404, 14, 4), (404, 15, 4);
INSERT INTO reviews (id, date_created, product_id, status) VALUES(405, '2025-01-07 17:21:26', 24, 'ACTIVE');
INSERT INTO review_ratings (review_id, criterion_id, rating) VALUES (405, 1, 3), (405, 2, 2), (405, 3, 2), (405, 5, 3), (405, 6, 4), (405, 14, 5), (405, 15, 3);
INSERT INTO reviews (id, date_created, product_id, status) VALUES(406, '2025-10-25 09:09:26', 24, 'ACTIVE');
INSERT INTO review_ratings (review_id, criterion_id, rating) VALUES (406, 1, 3), (406, 2, 5), (406, 3, 3), (406, 5, 3), (406, 6, 3), (406, 14, 4), (406, 15, 3);
INSERT INTO reviews (id, date_created, product_id, status) VALUES(407, '2025-01-14 20:32:26', 24, 'ACTIVE');
INSERT INTO review_ratings (review_id, criterion_id, rating) VALUES (407, 1, 3), (407, 2, 3), (407, 3, 4), (407, 5, 3), (407, 6, 3), (407, 14, 3), (407, 15, 3);
INSERT INTO reviews (id, date_created, product_id, status) VALUES(408, '2025-01-15 20:36:26', 24, 'ACTIVE');
INSERT INTO review_ratings (review_id, criterion_id, rating) VALUES (408, 1, 4), (408, 2, 3), (408, 3, 4), (408, 5, 3), (408, 6, 4), (408, 14, 3), (408, 15, 3);
INSERT INTO reviews (id, date_created, product_id, status) VALUES(409, '2024-11-30 18:01:26', 25, 'ACTIVE');
INSERT INTO review_ratings (review_id, criterion_id, rating) VALUES (409, 1, 4), (409, 2, 3), (409, 3, 3), (409, 5, 3), (409, 6, 3), (409, 14, 2), (409, 15, 3);
INSERT INTO reviews (id, date_created, product_id, status) VALUES(410, '2024-12-10 09:40:26', 25, 'ACTIVE');
INSERT INTO review_ratings (review_id, criterion_id, rating) VALUES (410, 1, 4), (410, 2, 4), (410, 3, 3), (410, 5, 3), (410, 6, 3), (410, 14, 4), (410, 15, 3);
INSERT INTO reviews (id, date_created, product_id, status) VALUES(411, '2025-08-08 04:21:26', 25, 'ACTIVE');
INSERT INTO review_ratings (review_id, criterion_id, rating) VALUES (411, 1, 3), (411, 2, 2), (411, 3, 3), (411, 5, 3), (411, 6, 4), (411, 14, 3), (411, 15, 4);
INSERT INTO reviews (id, date_created, product_id, status) VALUES(412, '2025-02-05 00:09:26', 25, 'ACTIVE');
INSERT INTO review_ratings (review_id, criterion_id, rating) VALUES (412, 1, 3), (412, 2, 4), (412, 3, 3), (412, 5, 4), (412, 6, 4), (412, 14, 3), (412, 15, 3);
INSERT INTO reviews (id, date_created, product_id, status) VALUES(413, '2025-07-14 09:10:26', 25, 'ACTIVE');
INSERT INTO review_ratings (review_id, criterion_id, rating) VALUES (413, 1, 5), (413, 2, 4), (413, 3, 3), (413, 5, 3), (413, 6, 3), (413, 14, 4), (413, 15, 4);
INSERT INTO reviews (id, date_created, product_id, status) VALUES(414, '2025-08-11 11:54:26', 25, 'ACTIVE');
INSERT INTO review_ratings (review_id, criterion_id, rating) VALUES (414, 1, 4), (414, 2, 3), (414, 3, 4), (414, 5, 3), (414, 6, 3), (414, 14, 4), (414, 15, 4);
INSERT INTO reviews (id, date_created, product_id, status) VALUES(415, '2025-08-03 14:33:26', 25, 'ACTIVE');
INSERT INTO review_ratings (review_id, criterion_id, rating) VALUES (415, 1, 4), (415, 2, 3), (415, 3, 2), (415, 5, 4), (415, 6, 3), (415, 14, 3), (415, 15, 2);
INSERT INTO reviews (id, date_created, product_id, status) VALUES(416, '2024-11-05 21:24:26', 25, 'ACTIVE');
INSERT INTO review_ratings (review_id, criterion_id, rating) VALUES (416, 1, 4), (416, 2, 2), (416, 3, 4), (416, 5, 4), (416, 6, 3), (416, 14, 3), (416, 15, 3);
INSERT INTO reviews (id, date_created, product_id, status) VALUES(417, '2025-05-04 23:01:26', 25, 'ACTIVE');
INSERT INTO review_ratings (review_id, criterion_id, rating) VALUES (417, 1, 4), (417, 2, 4), (417, 3, 3), (417, 5, 4), (417, 6, 4), (417, 14, 4), (417, 15, 4);
INSERT INTO reviews (id, date_created, product_id, status) VALUES(418, '2025-06-04 23:01:26', 25, 'REJECTED');
INSERT INTO review_ratings (review_id, criterion_id, rating) VALUES (418, 1, 3), (418, 2, 5), (418, 3, 3), (418, 5, 3), (418, 6, 4), (418, 14, 3), (418, 15, 4);
INSERT INTO reviews (id, date_created, product_id, status) VALUES(419, '2025-07-03 14:00:26', 25, 'ACTIVE');
INSERT INTO review_ratings (review_id, criterion_id, rating) VALUES (419, 1, 3), (419, 2, 4), (419, 3, 3), (419, 5, 4), (419, 6, 3), (419, 14, 3), (419, 15, 3);
INSERT INTO reviews (id, date_created, product_id, status) VALUES(420, '2025-03-26 18:20:26', 25, 'ACTIVE');
INSERT INTO review_ratings (review_id, criterion_id, rating) VALUES (420, 1, 4), (420, 2, 4), (420, 3, 3), (420, 5, 3), (420, 6, 3), (420, 14, 3), (420, 15, 3);
INSERT INTO reviews (id, date_created, product_id, status) VALUES(421, '2025-06-14 01:23:26', 25, 'ACTIVE');
INSERT INTO review_ratings (review_id, criterion_id, rating) VALUES (421, 1, 4), (421, 2, 4), (421, 3, 3), (421, 5, 3), (421, 6, 3), (421, 14, 4), (421, 15, 4);
INSERT INTO reviews (id, date_created, product_id, status) VALUES(422, '2025-10-03 21:34:26', 25, 'ACTIVE');
INSERT INTO review_ratings (review_id, criterion_id, rating) VALUES (422, 1, 4), (422, 2, 4), (422, 3, 4), (422, 5, 3), (422, 6, 3), (422, 14, 4), (422, 15, 4);
INSERT INTO reviews (id, date_created, product_id, status) VALUES(423, '2025-02-19 08:14:26', 25, 'ACTIVE');
INSERT INTO review_ratings (review_id, criterion_id, rating) VALUES (423, 1, 4), (423, 2, 3), (423, 3, 3), (423, 5, 4), (423, 6, 4), (423, 14, 4), (423, 15, 4);
INSERT INTO reviews (id, date_created, product_id, status) VALUES(424, '2025-06-15 02:31:26', 25, 'ACTIVE');
INSERT INTO review_ratings (review_id, criterion_id, rating) VALUES (424, 1, 3), (424, 2, 4), (424, 3, 5), (424, 5, 3), (424, 6, 4), (424, 14, 5), (424, 15, 4);
INSERT INTO reviews (id, date_created, product_id, status) VALUES(425, '2024-10-29 07:11:26', 25, 'ACTIVE');
INSERT INTO review_ratings (review_id, criterion_id, rating) VALUES (425, 1, 3), (425, 2, 4), (425, 3, 4), (425, 5, 4), (425, 6, 4), (425, 14, 3), (425, 15, 4);
INSERT INTO reviews (id, date_created, product_id, status) VALUES(426, '2024-11-15 04:36:26', 26, 'ACTIVE');
INSERT INTO review_ratings (review_id, criterion_id, rating) VALUES (426, 1, 3), (426, 2, 3), (426, 3, 4), (426, 5, 5), (426, 6, 3), (426, 14, 5), (426, 15, 4);
INSERT INTO reviews (id, date_created, product_id, status) VALUES(427, '2025-07-20 02:39:26', 26, 'ACTIVE');
INSERT INTO review_ratings (review_id, criterion_id, rating) VALUES (427, 1, 2), (427, 2, 1), (427, 3, 4), (427, 5, 5), (427, 6, 4), (427, 14, 5), (427, 15, 2);
INSERT INTO reviews (id, date_created, product_id, status) VALUES(428, '2025-06-27 14:33:26', 26, 'ACTIVE');
INSERT INTO review_ratings (review_id, criterion_id, rating) VALUES (428, 1, 3), (428, 2, 3), (428, 3, 3), (428, 5, 5), (428, 6, 4), (428, 14, 5), (428, 15, 4);
INSERT INTO reviews (id, date_created, product_id, status) VALUES(429, '2024-11-11 19:14:26', 26, 'ACTIVE');
INSERT INTO review_ratings (review_id, criterion_id, rating) VALUES (429, 1, 4), (429, 2, 3), (429, 3, 5), (429, 5, 5), (429, 6, 3), (429, 14, 4), (429, 15, 3);
INSERT INTO reviews (id, date_created, product_id, status) VALUES(430, '2025-01-16 17:47:26', 26, 'ACTIVE');
INSERT INTO review_ratings (review_id, criterion_id, rating) VALUES (430, 1, 3), (430, 2, 4), (430, 3, 3), (430, 5, 5), (430, 6, 3), (430, 14, 5), (430, 15, 3);
INSERT INTO reviews (id, date_created, product_id, status) VALUES(431, '2025-10-08 22:50:26', 26, 'ACTIVE');
INSERT INTO review_ratings (review_id, criterion_id, rating) VALUES (431, 1, 3), (431, 2, 4), (431, 3, 4), (431, 5, 5), (431, 6, 2), (431, 14, 5), (431, 15, 3);
INSERT INTO reviews (id, date_created, product_id, status) VALUES(432, '2025-01-19 09:31:26', 26, 'ACTIVE');
INSERT INTO review_ratings (review_id, criterion_id, rating) VALUES (432, 1, 4), (432, 2, 2), (432, 3, 4), (432, 5, 4), (432, 6, 3), (432, 14, 5), (432, 15, 2);
INSERT INTO reviews (id, date_created, product_id, status) VALUES(433, '2025-07-27 13:56:26', 26, 'ACTIVE');
INSERT INTO review_ratings (review_id, criterion_id, rating) VALUES (433, 1, 3), (433, 2, 3), (433, 3, 4), (433, 5, 4), (433, 6, 2), (433, 14, 5), (433, 15, 2);
INSERT INTO reviews (id, date_created, product_id, status) VALUES(434, '2025-01-20 09:56:26', 26, 'ACTIVE');
INSERT INTO review_ratings (review_id, criterion_id, rating) VALUES (434, 1, 3), (434, 2, 3), (434, 3, 4), (434, 5, 5), (434, 6, 4), (434, 14, 5), (434, 15, 3);
INSERT INTO reviews (id, date_created, product_id, status) VALUES(435, '2025-07-30 13:23:26', 26, 'ACTIVE');
INSERT INTO review_ratings (review_id, criterion_id, rating) VALUES (435, 1, 3), (435, 2, 3), (435, 3, 4), (435, 5, 5), (435, 6, 2), (435, 14, 5), (435, 15, 3);
INSERT INTO reviews (id, date_created, product_id, status) VALUES(436, '2025-07-07 18:50:26', 26, 'ACTIVE');
INSERT INTO review_ratings (review_id, criterion_id, rating) VALUES (436, 1, 3), (436, 2, 4), (436, 3, 4), (436, 5, 4), (436, 6, 3), (436, 14, 5), (436, 15, 4);
INSERT INTO reviews (id, date_created, product_id, status) VALUES(437, '2025-09-28 03:00:26', 26, 'ACTIVE');
INSERT INTO review_ratings (review_id, criterion_id, rating) VALUES (437, 1, 4), (437, 2, 2), (437, 3, 4), (437, 5, 5), (437, 6, 2), (437, 14, 5), (437, 15, 3);
INSERT INTO reviews (id, date_created, product_id, status) VALUES(438, '2025-09-20 08:02:26', 26, 'ACTIVE');
INSERT INTO review_ratings (review_id, criterion_id, rating) VALUES (438, 1, 2), (438, 2, 3), (438, 3, 3), (438, 5, 5), (438, 6, 4), (438, 14, 5), (438, 15, 4);
INSERT INTO reviews (id, date_created, product_id, status) VALUES(439, '2025-07-29 20:48:26', 26, 'ACTIVE');
INSERT INTO review_ratings (review_id, criterion_id, rating) VALUES (439, 1, 3), (439, 2, 2), (439, 3, 3), (439, 5, 5), (439, 6, 3), (439, 14, 4), (439, 15, 4);
INSERT INTO reviews (id, date_created, product_id, status) VALUES(440, '2025-01-21 02:03:26', 26, 'ACTIVE');
INSERT INTO review_ratings (review_id, criterion_id, rating) VALUES (440, 1, 4), (440, 2, 5), (440, 3, 5), (440, 5, 4), (440, 6, 3), (440, 14, 4), (440, 15, 5);
INSERT INTO reviews (id, date_created, product_id, status) VALUES(441, '2025-05-16 03:09:26', 26, 'ACTIVE');
INSERT INTO review_ratings (review_id, criterion_id, rating) VALUES (441, 1, 2), (441, 2, 4), (441, 3, 3), (441, 5, 5), (441, 6, 3), (441, 14, 5), (441, 15, 3);
INSERT INTO reviews (id, date_created, product_id, status) VALUES(442, '2025-03-12 00:10:26', 26, 'REJECTED');
INSERT INTO review_ratings (review_id, criterion_id, rating) VALUES (442, 1, 3), (442, 2, 4), (442, 3, 4), (442, 5, 5), (442, 6, 3), (442, 14, 5), (442, 15, 3);
INSERT INTO reviews (id, date_created, product_id, status) VALUES(443, '2025-07-08 07:41:26', 27, 'ACTIVE');
INSERT INTO review_ratings (review_id, criterion_id, rating) VALUES (443, 1, 4), (443, 2, 2), (443, 3, 4), (443, 5, 2), (443, 6, 3), (443, 14, 3), (443, 15, 3);
INSERT INTO reviews (id, date_created, product_id, status) VALUES(444, '2025-03-08 03:26:26', 27, 'ACTIVE');
INSERT INTO review_ratings (review_id, criterion_id, rating) VALUES (444, 1, 3), (444, 2, 3), (444, 3, 4), (444, 5, 4), (444, 6, 5), (444, 14, 4), (444, 15, 4);
INSERT INTO reviews (id, date_created, product_id, status) VALUES(445, '2025-07-09 15:31:26', 27, 'ACTIVE');
INSERT INTO review_ratings (review_id, criterion_id, rating) VALUES (445, 1, 4), (445, 2, 3), (445, 3, 4), (445, 5, 3), (445, 6, 2), (445, 14, 3), (445, 15, 3);
INSERT INTO reviews (id, date_created, product_id, status) VALUES(446, '2025-01-07 02:30:26', 27, 'ACTIVE');
INSERT INTO review_ratings (review_id, criterion_id, rating) VALUES (446, 1, 3), (446, 2, 4), (446, 3, 3), (446, 5, 4), (446, 6, 3), (446, 14, 4), (446, 15, 3);
INSERT INTO reviews (id, date_created, product_id, status) VALUES(447, '2025-07-04 14:54:26', 27, 'ACTIVE');
INSERT INTO review_ratings (review_id, criterion_id, rating) VALUES (447, 1, 4), (447, 2, 3), (447, 3, 3), (447, 5, 3), (447, 6, 3), (447, 14, 3), (447, 15, 3);
INSERT INTO reviews (id, date_created, product_id, status) VALUES(448, '2024-11-06 07:26:26', 27, 'ACTIVE');
INSERT INTO review_ratings (review_id, criterion_id, rating) VALUES (448, 1, 3), (448, 2, 3), (448, 3, 3), (448, 5, 3), (448, 6, 4), (448, 14, 3), (448, 15, 3);
INSERT INTO reviews (id, date_created, product_id, status) VALUES(449, '2025-06-03 02:26:26', 27, 'ACTIVE');
INSERT INTO review_ratings (review_id, criterion_id, rating) VALUES (449, 1, 4), (449, 2, 4), (449, 3, 4), (449, 5, 4), (449, 6, 4), (449, 14, 4), (449, 15, 4);
INSERT INTO reviews (id, date_created, product_id, status) VALUES(450, '2025-08-20 23:00:26', 27, 'ACTIVE');
INSERT INTO review_ratings (review_id, criterion_id, rating) VALUES (450, 1, 3), (450, 2, 3), (450, 3, 4), (450, 5, 2), (450, 6, 3), (450, 14, 3), (450, 15, 3);
INSERT INTO reviews (id, date_created, product_id, status) VALUES(451, '2025-06-15 01:15:26', 27, 'ACTIVE');
INSERT INTO review_ratings (review_id, criterion_id, rating) VALUES (451, 1, 3), (451, 2, 3), (451, 3, 3), (451, 5, 4), (451, 6, 4), (451, 14, 4), (451, 15, 3);
INSERT INTO reviews (id, date_created, product_id, status) VALUES(452, '2025-08-04 02:56:26', 27, 'ACTIVE');
INSERT INTO review_ratings (review_id, criterion_id, rating) VALUES (452, 1, 3), (452, 2, 4), (452, 3, 3), (452, 5, 2), (452, 6, 4), (452, 14, 4), (452, 15, 4);
INSERT INTO reviews (id, date_created, product_id, status) VALUES(453, '2025-08-10 14:41:26', 27, 'ACTIVE');
INSERT INTO review_ratings (review_id, criterion_id, rating) VALUES (453, 1, 3), (453, 2, 3), (453, 3, 3), (453, 5, 3), (453, 6, 4), (453, 14, 3), (453, 15, 3);
INSERT INTO reviews (id, date_created, product_id, status) VALUES(454, '2025-05-26 00:05:26', 27, 'REJECTED');
INSERT INTO review_ratings (review_id, criterion_id, rating) VALUES (454, 1, 4), (454, 2, 4), (454, 3, 4), (454, 5, 4), (454, 6, 4), (454, 14, 3), (454, 15, 4);
INSERT INTO reviews (id, date_created, product_id, status) VALUES(455, '2025-08-17 15:51:26', 27, 'ACTIVE');
INSERT INTO review_ratings (review_id, criterion_id, rating) VALUES (455, 1, 3), (455, 2, 5), (455, 3, 3), (455, 5, 3), (455, 6, 4), (455, 14, 4), (455, 15, 3);
INSERT INTO reviews (id, date_created, product_id, status) VALUES(456, '2025-03-04 18:35:26', 27, 'ACTIVE');
INSERT INTO review_ratings (review_id, criterion_id, rating) VALUES (456, 1, 3), (456, 2, 3), (456, 3, 3), (456, 5, 4), (456, 6, 3), (456, 14, 4), (456, 15, 4);
INSERT INTO reviews (id, date_created, product_id, status) VALUES(457, '2024-12-01 02:21:26', 27, 'ACTIVE');
INSERT INTO review_ratings (review_id, criterion_id, rating) VALUES (457, 1, 3), (457, 2, 3), (457, 3, 4), (457, 5, 3), (457, 6, 3), (457, 14, 3), (457, 15, 4);
INSERT INTO reviews (id, date_created, product_id, status) VALUES(458, '2025-01-14 16:34:26', 27, 'ACTIVE');
INSERT INTO review_ratings (review_id, criterion_id, rating) VALUES (458, 1, 5), (458, 2, 4), (458, 3, 3), (458, 5, 3), (458, 6, 4), (458, 14, 4), (458, 15, 4);
INSERT INTO reviews (id, date_created, product_id, status) VALUES(459, '2025-04-30 18:16:26', 27, 'ACTIVE');
INSERT INTO review_ratings (review_id, criterion_id, rating) VALUES (459, 1, 4), (459, 2, 3), (459, 3, 4), (459, 5, 3), (459, 6, 4), (459, 14, 3), (459, 15, 4);
INSERT INTO reviews (id, date_created, product_id, status) VALUES(460, '2025-01-18 06:21:26', 28, 'ACTIVE');
INSERT INTO review_ratings (review_id, criterion_id, rating) VALUES (460, 1, 3), (460, 2, 4), (460, 3, 3), (460, 5, 4), (460, 6, 4), (460, 14, 4), (460, 15, 3);
INSERT INTO reviews (id, date_created, product_id, status) VALUES(461, '2024-12-12 17:21:26', 28, 'ACTIVE');
INSERT INTO review_ratings (review_id, criterion_id, rating) VALUES (461, 1, 3), (461, 2, 3), (461, 3, 3), (461, 5, 4), (461, 6, 3), (461, 14, 4), (461, 15, 3);
INSERT INTO reviews (id, date_created, product_id, status) VALUES(462, '2024-11-13 07:40:26', 28, 'ACTIVE');
INSERT INTO review_ratings (review_id, criterion_id, rating) VALUES (462, 1, 3), (462, 2, 3), (462, 3, 2), (462, 5, 4), (462, 6, 3), (462, 14, 4), (462, 15, 3);
INSERT INTO reviews (id, date_created, product_id, status) VALUES(463, '2024-11-27 19:37:26', 28, 'ACTIVE');
INSERT INTO review_ratings (review_id, criterion_id, rating) VALUES (463, 1, 4), (463, 2, 4), (463, 3, 3), (463, 5, 3), (463, 6, 4), (463, 14, 3), (463, 15, 4);
INSERT INTO reviews (id, date_created, product_id, status) VALUES(464, '2025-04-01 01:16:26', 28, 'ACTIVE');
INSERT INTO review_ratings (review_id, criterion_id, rating) VALUES (464, 1, 4), (464, 2, 5), (464, 3, 3), (464, 5, 4), (464, 6, 3), (464, 14, 4), (464, 15, 3);
INSERT INTO reviews (id, date_created, product_id, status) VALUES(465, '2025-07-27 13:47:26', 28, 'ACTIVE');
INSERT INTO review_ratings (review_id, criterion_id, rating) VALUES (465, 1, 3), (465, 2, 3), (465, 3, 3), (465, 5, 3), (465, 6, 4), (465, 14, 4), (465, 15, 4);
INSERT INTO reviews (id, date_created, product_id, status) VALUES(466, '2025-08-21 21:41:26', 28, 'ACTIVE');
INSERT INTO review_ratings (review_id, criterion_id, rating) VALUES (466, 1, 4), (466, 2, 3), (466, 3, 3), (466, 5, 4), (466, 6, 3), (466, 14, 4), (466, 15, 4);
INSERT INTO reviews (id, date_created, product_id, status) VALUES(467, '2025-10-13 00:47:26', 28, 'ACTIVE');
INSERT INTO review_ratings (review_id, criterion_id, rating) VALUES (467, 1, 5), (467, 2, 3), (467, 3, 4), (467, 5, 4), (467, 6, 4), (467, 14, 4), (467, 15, 4);
INSERT INTO reviews (id, date_created, product_id, status) VALUES(468, '2025-03-18 19:04:26', 28, 'ACTIVE');
INSERT INTO review_ratings (review_id, criterion_id, rating) VALUES (468, 1, 5), (468, 2, 5), (468, 3, 3), (468, 5, 3), (468, 6, 4), (468, 14, 3), (468, 15, 3);
INSERT INTO reviews (id, date_created, product_id, status) VALUES(469, '2025-05-22 01:56:26', 28, 'ACTIVE');
INSERT INTO review_ratings (review_id, criterion_id, rating) VALUES (469, 1, 3), (469, 2, 3), (469, 3, 3), (469, 5, 3), (469, 6, 4), (469, 14, 4), (469, 15, 2);
INSERT INTO reviews (id, date_created, product_id, status) VALUES(470, '2025-06-25 22:01:26', 28, 'ACTIVE');
INSERT INTO review_ratings (review_id, criterion_id, rating) VALUES (470, 1, 4), (470, 2, 3), (470, 3, 3), (470, 5, 3), (470, 6, 3), (470, 14, 4), (470, 15, 4);
INSERT INTO reviews (id, date_created, product_id, status) VALUES(471, '2025-04-09 04:46:26', 28, 'ACTIVE');
INSERT INTO review_ratings (review_id, criterion_id, rating) VALUES (471, 1, 3), (471, 2, 4), (471, 3, 3), (471, 5, 3), (471, 6, 3), (471, 14, 3), (471, 15, 4);
INSERT INTO reviews (id, date_created, product_id, status) VALUES(472, '2025-02-15 11:24:26', 28, 'ACTIVE');
INSERT INTO review_ratings (review_id, criterion_id, rating) VALUES (472, 1, 3), (472, 2, 5), (472, 3, 3), (472, 5, 4), (472, 6, 4), (472, 14, 3), (472, 15, 4);
INSERT INTO reviews (id, date_created, product_id, status) VALUES(473, '2024-12-30 15:38:26', 28, 'ACTIVE');
INSERT INTO review_ratings (review_id, criterion_id, rating) VALUES (473, 1, 3), (473, 2, 4), (473, 3, 3), (473, 5, 2), (473, 6, 4), (473, 14, 3), (473, 15, 4);
INSERT INTO reviews (id, date_created, product_id, status) VALUES(474, '2025-03-12 18:12:26', 28, 'ACTIVE');
INSERT INTO review_ratings (review_id, criterion_id, rating) VALUES (474, 1, 4), (474, 2, 3), (474, 3, 3), (474, 5, 4), (474, 6, 3), (474, 14, 4), (474, 15, 4);
INSERT INTO reviews (id, date_created, product_id, status) VALUES(475, '2025-10-07 08:37:26', 28, 'ACTIVE');
INSERT INTO review_ratings (review_id, criterion_id, rating) VALUES (475, 1, 4), (475, 2, 2), (475, 3, 4), (475, 5, 4), (475, 6, 4), (475, 14, 3), (475, 15, 3);
INSERT INTO reviews (id, date_created, product_id, status) VALUES(476, '2025-03-15 04:55:26', 28, 'ACTIVE');
INSERT INTO review_ratings (review_id, criterion_id, rating) VALUES (476, 1, 4), (476, 2, 5), (476, 3, 3), (476, 5, 5), (476, 6, 4), (476, 14, 4), (476, 15, 4);
INSERT INTO reviews (id, date_created, product_id, status) VALUES(477, '2025-02-15 20:44:26', 29, 'REJECTED');
INSERT INTO review_ratings (review_id, criterion_id, rating) VALUES (477, 1, 4), (477, 2, 3), (477, 3, 3), (477, 5, 3), (477, 6, 3), (477, 14, 4), (477, 15, 3);
INSERT INTO reviews (id, date_created, product_id, status) VALUES(478, '2025-01-22 05:56:26', 29, 'ACTIVE');
INSERT INTO review_ratings (review_id, criterion_id, rating) VALUES (478, 1, 3), (478, 2, 4), (478, 3, 3), (478, 5, 4), (478, 6, 4), (478, 14, 3), (478, 15, 4);
INSERT INTO reviews (id, date_created, product_id, status) VALUES(479, '2025-10-12 16:59:26', 29, 'ACTIVE');
INSERT INTO review_ratings (review_id, criterion_id, rating) VALUES (479, 1, 3), (479, 2, 5), (479, 3, 4), (479, 5, 4), (479, 6, 4), (479, 14, 4), (479, 15, 3);
INSERT INTO reviews (id, date_created, product_id, status) VALUES(480, '2024-12-28 19:45:26', 29, 'ACTIVE');
INSERT INTO review_ratings (review_id, criterion_id, rating) VALUES (480, 1, 3), (480, 2, 5), (480, 3, 3), (480, 5, 3), (480, 6, 4), (480, 14, 4), (480, 15, 3);
INSERT INTO reviews (id, date_created, product_id, status) VALUES(481, '2025-04-18 11:47:26', 29, 'ACTIVE');
INSERT INTO review_ratings (review_id, criterion_id, rating) VALUES (481, 1, 3), (481, 2, 3), (481, 3, 4), (481, 5, 4), (481, 6, 3), (481, 14, 4), (481, 15, 3);
INSERT INTO reviews (id, date_created, product_id, status) VALUES(482, '2024-12-20 13:29:26', 29, 'ACTIVE');
INSERT INTO review_ratings (review_id, criterion_id, rating) VALUES (482, 1, 3), (482, 2, 4), (482, 3, 3), (482, 5, 4), (482, 6, 4), (482, 14, 3), (482, 15, 3);
INSERT INTO reviews (id, date_created, product_id, status) VALUES(483, '2024-11-02 05:08:26', 29, 'ACTIVE');
INSERT INTO review_ratings (review_id, criterion_id, rating) VALUES (483, 1, 3), (483, 2, 4), (483, 3, 4), (483, 5, 3), (483, 6, 4), (483, 14, 4), (483, 15, 3);
INSERT INTO reviews (id, date_created, product_id, status) VALUES(484, '2025-02-19 08:39:26', 29, 'ACTIVE');
INSERT INTO review_ratings (review_id, criterion_id, rating) VALUES (484, 1, 3), (484, 2, 3), (484, 3, 2), (484, 5, 4), (484, 6, 4), (484, 14, 3), (484, 15, 3);
INSERT INTO reviews (id, date_created, product_id, status) VALUES(485, '2025-07-14 19:09:26', 29, 'ACTIVE');
INSERT INTO review_ratings (review_id, criterion_id, rating) VALUES (485, 1, 3), (485, 2, 4), (485, 3, 3), (485, 5, 3), (485, 6, 4), (485, 14, 4), (485, 15, 4);
INSERT INTO reviews (id, date_created, product_id, status) VALUES(486, '2025-02-11 21:15:26', 29, 'ACTIVE');
INSERT INTO review_ratings (review_id, criterion_id, rating) VALUES (486, 1, 3), (486, 2, 4), (486, 3, 4), (486, 5, 3), (486, 6, 4), (486, 14, 5), (486, 15, 3);
INSERT INTO reviews (id, date_created, product_id, status) VALUES(487, '2025-07-22 03:42:26', 29, 'ACTIVE');
INSERT INTO review_ratings (review_id, criterion_id, rating) VALUES (487, 1, 3), (487, 2, 2), (487, 3, 4), (487, 5, 3), (487, 6, 3), (487, 14, 4), (487, 15, 4);
INSERT INTO reviews (id, date_created, product_id, status) VALUES(488, '2025-05-10 23:45:26', 29, 'ACTIVE');
INSERT INTO review_ratings (review_id, criterion_id, rating) VALUES (488, 1, 3), (488, 2, 4), (488, 3, 3), (488, 5, 3), (488, 6, 3), (488, 14, 3), (488, 15, 3);
INSERT INTO reviews (id, date_created, product_id, status) VALUES(489, '2025-10-20 07:59:26', 29, 'ACTIVE');
INSERT INTO review_ratings (review_id, criterion_id, rating) VALUES (489, 1, 4), (489, 2, 2), (489, 3, 3), (489, 5, 5), (489, 6, 3), (489, 14, 4), (489, 15, 4);
INSERT INTO reviews (id, date_created, product_id, status) VALUES(490, '2025-08-05 19:57:26', 29, 'ACTIVE');
INSERT INTO review_ratings (review_id, criterion_id, rating) VALUES (490, 1, 3), (490, 2, 2), (490, 3, 3), (490, 5, 4), (490, 6, 3), (490, 14, 3), (490, 15, 4);
INSERT INTO reviews (id, date_created, product_id, status) VALUES(491, '2025-04-01 12:04:26', 29, 'ACTIVE');
INSERT INTO review_ratings (review_id, criterion_id, rating) VALUES (491, 1, 3), (491, 2, 5), (491, 3, 3), (491, 5, 4), (491, 6, 4), (491, 14, 4), (491, 15, 4);
INSERT INTO reviews (id, date_created, product_id, status) VALUES(492, '2025-09-12 00:03:26', 29, 'REJECTED');
INSERT INTO review_ratings (review_id, criterion_id, rating) VALUES (492, 1, 4), (492, 2, 3), (492, 3, 4), (492, 5, 4), (492, 6, 5), (492, 14, 3), (492, 15, 3);
INSERT INTO reviews (id, date_created, product_id, status) VALUES(493, '2025-05-15 09:46:26', 29, 'ACTIVE');
INSERT INTO review_ratings (review_id, criterion_id, rating) VALUES (493, 1, 4), (493, 2, 2), (493, 3, 3), (493, 5, 3), (493, 6, 3), (493, 14, 3), (493, 15, 3);
INSERT INTO reviews (id, date_created, product_id, status) VALUES(494, '2025-10-27 04:36:26', 30, 'ACTIVE');
INSERT INTO review_ratings (review_id, criterion_id, rating) VALUES (494, 1, 2), (494, 2, 5), (494, 3, 3), (494, 5, 4), (494, 6, 4), (494, 14, 4), (494, 15, 4);
INSERT INTO reviews (id, date_created, product_id, status) VALUES(495, '2025-05-23 13:59:26', 30, 'ACTIVE');
INSERT INTO review_ratings (review_id, criterion_id, rating) VALUES (495, 1, 3), (495, 2, 4), (495, 3, 4), (495, 5, 5), (495, 6, 2), (495, 14, 3), (495, 15, 3);
INSERT INTO reviews (id, date_created, product_id, status) VALUES(496, '2025-08-10 06:28:26', 30, 'REJECTED');
INSERT INTO review_ratings (review_id, criterion_id, rating) VALUES (496, 1, 3), (496, 2, 4), (496, 3, 3), (496, 5, 5), (496, 6, 4), (496, 14, 3), (496, 15, 3);
INSERT INTO reviews (id, date_created, product_id, status) VALUES(497, '2024-11-03 04:59:26', 30, 'ACTIVE');
INSERT INTO review_ratings (review_id, criterion_id, rating) VALUES (497, 1, 4), (497, 2, 5), (497, 3, 4), (497, 5, 5), (497, 6, 3), (497, 14, 3), (497, 15, 3);
INSERT INTO reviews (id, date_created, product_id, status) VALUES(498, '2025-10-02 12:08:26', 30, 'ACTIVE');
INSERT INTO review_ratings (review_id, criterion_id, rating) VALUES (498, 1, 3), (498, 2, 4), (498, 3, 3), (498, 5, 4), (498, 6, 2), (498, 14, 2), (498, 15, 3);
INSERT INTO reviews (id, date_created, product_id, status) VALUES(499, '2025-05-12 07:50:26', 30, 'ACTIVE');
INSERT INTO review_ratings (review_id, criterion_id, rating) VALUES (499, 1, 3), (499, 2, 4), (499, 3, 5), (499, 5, 5), (499, 6, 3), (499, 14, 3), (499, 15, 3);
INSERT INTO reviews (id, date_created, product_id, status) VALUES(500, '2025-09-10 00:16:26', 30, 'ACTIVE');
INSERT INTO review_ratings (review_id, criterion_id, rating) VALUES (500, 1, 2), (500, 2, 5), (500, 3, 3), (500, 5, 5), (500, 6, 3), (500, 14, 4), (500, 15, 2);
INSERT INTO reviews (id, date_created, product_id, status) VALUES(501, '2025-04-26 02:24:26', 30, 'ACTIVE');
INSERT INTO review_ratings (review_id, criterion_id, rating) VALUES (501, 1, 2), (501, 2, 4), (501, 3, 4), (501, 5, 5), (501, 6, 4), (501, 14, 3), (501, 15, 3);
INSERT INTO reviews (id, date_created, product_id, status) VALUES(502, '2025-08-03 04:46:26', 30, 'ACTIVE');
INSERT INTO review_ratings (review_id, criterion_id, rating) VALUES (502, 1, 4), (502, 2, 4), (502, 3, 4), (502, 5, 4), (502, 6, 4), (502, 14, 4), (502, 15, 3);
INSERT INTO reviews (id, date_created, product_id, status) VALUES(503, '2025-09-23 05:01:26', 30, 'ACTIVE');
INSERT INTO review_ratings (review_id, criterion_id, rating) VALUES (503, 1, 3), (503, 2, 4), (503, 3, 4), (503, 5, 5), (503, 6, 3), (503, 14, 3), (503, 15, 3);
INSERT INTO reviews (id, date_created, product_id, status) VALUES(504, '2025-03-23 00:59:26', 30, 'ACTIVE');
INSERT INTO review_ratings (review_id, criterion_id, rating) VALUES (504, 1, 4), (504, 2, 4), (504, 3, 4), (504, 5, 5), (504, 6, 3), (504, 14, 4), (504, 15, 3);
INSERT INTO reviews (id, date_created, product_id, status) VALUES(505, '2025-02-22 10:58:26', 30, 'ACTIVE');
INSERT INTO review_ratings (review_id, criterion_id, rating) VALUES (505, 1, 3), (505, 2, 5), (505, 3, 4), (505, 5, 5), (505, 6, 2), (505, 14, 3), (505, 15, 3);
INSERT INTO reviews (id, date_created, product_id, status) VALUES(506, '2025-04-18 04:04:26', 30, 'ACTIVE');
INSERT INTO review_ratings (review_id, criterion_id, rating) VALUES (506, 1, 2), (506, 2, 5), (506, 3, 4), (506, 5, 5), (506, 6, 4), (506, 14, 3), (506, 15, 2);
INSERT INTO reviews (id, date_created, product_id, status) VALUES(507, '2025-08-14 17:26:26', 30, 'ACTIVE');
INSERT INTO review_ratings (review_id, criterion_id, rating) VALUES (507, 1, 3), (507, 2, 5), (507, 3, 4), (507, 5, 5), (507, 6, 3), (507, 14, 3), (507, 15, 3);
INSERT INTO reviews (id, date_created, product_id, status) VALUES(508, '2025-03-20 15:37:26', 30, 'ACTIVE');
INSERT INTO review_ratings (review_id, criterion_id, rating) VALUES (508, 1, 2), (508, 2, 5), (508, 3, 4), (508, 5, 5), (508, 6, 3), (508, 14, 3), (508, 15, 3);
INSERT INTO reviews (id, date_created, product_id, status) VALUES(509, '2025-04-22 21:32:26', 30, 'REJECTED');
INSERT INTO review_ratings (review_id, criterion_id, rating) VALUES (509, 1, 1), (509, 2, 4), (509, 3, 4), (509, 5, 5), (509, 6, 4), (509, 14, 3), (509, 15, 2);
INSERT INTO reviews (id, date_created, product_id, status) VALUES(510, '2024-10-30 02:10:26', 30, 'ACTIVE');
INSERT INTO review_ratings (review_id, criterion_id, rating) VALUES (510, 1, 3), (510, 2, 4), (510, 3, 4), (510, 5, 5), (510, 6, 3), (510, 14, 2), (510, 15, 4);